"","PID","DayOfStudy","Valence","Arousal","Relax","FeelingLoved","Joyful","Positive","Contented","Engagement1","Engagement2","Engagement3","Relationship1","Relationship2","Relationship3","Meaning1","Meaning2","Meaning3","Accomplishment1","Accomplishment2","Accomplishment3"
"1",13017074186,1,55,77,46,59,52,52,NA,22,NA,25,NA,65,41,NA,47,64,70,NA,59
"2",13017074186,1,62,89,65,51,52,NA,52,31,NA,32,48,46,NA,63,77,NA,NA,66,66
"3",13017074186,1,26,55,20,6,NA,25,50,53,2,NA,NA,20,12,59,62,NA,62,52,NA
"4",13017074186,1,5,69,47,45,6,29,NA,NA,17,8,41,NA,47,NA,50,52,49,NA,58
"5",13017074186,1,59,23,65,45,NA,48,43,NA,62,57,NA,43,45,NA,52,50,55,NA,61
"271",13017080949,1,41,38,80,2,24,NA,32,10,21,NA,38,12,NA,25,NA,33,NA,77,43
"272",13017080949,1,43,81,69,3,28,NA,37,NA,61,50,28,NA,34,NA,45,40,92,87,NA
"273",13017080949,1,45,68,60,0,30,NA,60,60,36,NA,39,NA,44,39,NA,37,81,NA,67
"274",13017080949,1,57,81,61,6,34,53,NA,2,20,NA,NA,17,34,NA,36,47,88,NA,66
"275",13017080949,1,84,68,84,0,82,74,NA,1,NA,1,NA,0,35,33,NA,43,NA,99,64
"276",13017080949,1,58,17,67,11,40,NA,71,6,NA,6,43,0,NA,34,28,NA,85,86,NA
"518",13017081297,1,11,21,66,69,31,NA,30,26,32,NA,NA,89,76,86,87,NA,NA,74,65
"519",13017081297,1,39,25,58,51,NA,28,71,52,34,NA,73,NA,82,82,80,NA,NA,73,65
"520",13017081297,1,29,33,64,53,37,61,NA,NA,21,61,NA,55,81,82,NA,85,66,NA,86
"521",13017081297,1,24,43,61,52,NA,25,44,26,NA,13,66,55,NA,86,NA,80,73,NA,78
"809",13017081324,1,63,21,74,38,NA,37,74,81,NA,62,NA,31,54,NA,35,31,35,NA,72
"810",13017081324,1,15,82,23,0,NA,0,8,30,1,NA,0,NA,12,4,11,NA,NA,15,9
"811",13017081324,1,20,92,56,32,36,61,NA,19,4,NA,69,NA,61,48,NA,22,48,70,NA
"812",13017081324,1,20,16,20,82,23,35,NA,NA,0,0,NA,64,42,NA,64,63,NA,29,30
"1100",13017083358,1,78,82,75,100,67,100,NA,81,73,NA,79,100,NA,74,NA,73,76,NA,82
"1101",13017083358,1,88,100,36,93,95,92,NA,92,36,NA,NA,100,100,NA,80,91,100,NA,100
"1102",13017083358,1,65,62,36,66,NA,67,65,37,33,NA,74,69,NA,NA,71,76,65,NA,61
"1103",13017083358,1,65,66,65,93,92,94,NA,NA,37,30,NA,99,100,NA,81,89,76,86,NA
"1380",13017091149,1,44,22,46,77,NA,52,52,52,57,NA,69,NA,67,73,81,NA,75,NA,60
"1381",13017091149,1,60,65,58,70,58,63,NA,NA,43,51,NA,61,59,75,NA,76,72,63,NA
"1382",13017091149,1,52,60,45,69,48,64,NA,71,75,NA,75,NA,69,NA,64,72,71,NA,62
"1383",13017091149,1,50,52,41,68,NA,56,55,NA,55,55,66,65,NA,69,67,NA,NA,62,64
"1384",13017091149,1,45,52,58,69,46,NA,57,52,NA,52,68,64,NA,67,69,NA,68,71,NA
"1385",13017091149,1,61,60,64,64,NA,62,59,58,NA,61,65,NA,66,72,NA,70,59,NA,60
"1673",13017094964,1,61,27,76,77,40,60,NA,NA,58,10,NA,84,84,80,84,NA,NA,70,79
"1674",13017094964,1,71,75,42,63,85,75,NA,100,NA,69,NA,75,82,NA,86,87,NA,86,100
"1675",13017094964,1,56,42,31,61,61,63,NA,NA,70,76,56,60,NA,NA,90,83,NA,80,95
"1676",13017094964,1,74,62,72,63,NA,68,75,78,NA,85,67,74,NA,NA,85,87,83,82,NA
"1677",13017094964,1,46,56,40,84,69,NA,84,71,NA,70,61,NA,79,NA,84,84,100,NA,100
"1678",13017094964,1,69,28,68,97,77,77,NA,75,24,NA,NA,97,93,NA,79,81,84,NA,100
"2005",13017102391,1,55,40,61,58,NA,59,60,32,43,NA,57,NA,67,NA,48,52,NA,51,53
"2006",13017102391,1,64,63,60,54,NA,53,52,NA,49,45,59,50,NA,58,NA,51,52,64,NA
"2007",13017102391,1,68,72,49,61,65,59,NA,NA,69,43,65,64,NA,52,49,NA,52,63,NA
"2008",13017102391,1,52,43,61,52,60,NA,54,63,NA,52,59,NA,53,54,NA,51,52,59,NA
"2009",13017102391,1,52,52,68,64,NA,47,43,74,NA,72,58,NA,58,51,NA,48,52,NA,61
"2313",13017103931,1,83,57,72,37,80,86,NA,72,NA,19,100,NA,100,100,NA,100,NA,100,100
"2314",13017103931,1,93,71,71,19,75,NA,52,30,65,NA,100,NA,100,99,NA,100,96,NA,98
"2315",13017103931,1,95,94,93,85,92,94,NA,NA,20,15,NA,96,100,NA,89,90,92,89,NA
"2316",13017103931,1,91,64,24,28,85,89,NA,11,34,NA,NA,79,76,100,100,NA,100,NA,100
"2317",13017103931,1,90,92,87,87,95,94,NA,29,33,NA,92,NA,89,86,NA,90,NA,91,93
"2594",13017110695,1,76,64,35,61,NA,65,33,59,NA,21,NA,100,72,NA,86,100,68,NA,71
"2595",13017110695,1,76,100,21,69,38,78,NA,0,15,NA,NA,95,62,85,82,NA,NA,65,100
"2596",13017110695,1,76,80,12,74,40,NA,67,NA,27,81,58,66,NA,NA,86,85,75,NA,100
"2597",13017110695,1,68,36,19,76,NA,80,32,97,26,NA,86,NA,76,100,88,NA,NA,79,81
"2598",13017110695,1,92,71,35,89,78,NA,89,77,NA,24,81,NA,80,NA,95,93,82,NA,89
"2901",13017121045,1,67,83,36,47,77,67,NA,79,65,NA,100,89,NA,70,80,NA,96,99,NA
"2902",13017121045,1,46,28,37,41,40,NA,78,NA,60,66,90,NA,40,98,95,NA,78,100,NA
"2903",13017121045,1,39,0,41,48,33,27,NA,64,NA,35,89,66,NA,NA,79,87,76,NA,82
"2904",13017121045,1,71,38,17,43,39,NA,65,NA,44,90,94,75,NA,86,NA,90,92,NA,84
"2905",13017121045,1,49,23,76,50,NA,57,62,NA,30,76,88,71,NA,77,96,NA,NA,68,82
"3216",13017121226,1,100,23,100,100,78,100,NA,0,100,NA,100,NA,100,100,100,NA,87,100,NA
"3217",13017121226,1,94,100,100,100,83,NA,100,100,77,NA,NA,100,100,100,100,NA,90,93,NA
"3218",13017121226,1,96,61,93,100,82,100,NA,29,NA,68,NA,100,100,100,NA,100,91,NA,81
"3219",13017121226,1,22,100,22,85,21,82,NA,NA,0,0,NA,100,100,100,100,NA,NA,84,66
"3220",13017121226,1,100,100,100,100,NA,100,100,NA,100,100,100,100,NA,100,NA,100,94,NA,97
"3221",13017121226,1,100,79,100,100,100,NA,100,NA,74,100,NA,100,100,NA,100,100,100,NA,100
"3522",13017130706,1,60,43,54,62,60,67,NA,27,29,NA,62,62,NA,82,80,NA,91,NA,73
"3523",13017130706,1,58,38,54,67,43,NA,53,NA,58,73,NA,69,61,NA,89,73,84,80,NA
"3524",13017130706,1,65,55,56,71,NA,86,69,71,69,NA,77,NA,74,91,NA,89,NA,76,89
"3772",13017142961,1,53,56,53,53,NA,60,56,5,24,NA,31,NA,45,73,83,NA,79,NA,67
"3773",13017142961,1,65,53,71,53,58,NA,82,NA,79,78,53,NA,53,71,NA,64,60,72,NA
"3774",13017142961,1,35,44,57,69,53,NA,62,NA,80,45,73,60,NA,75,NA,80,58,NA,61
"3775",13017142961,1,36,18,33,60,NA,28,30,NA,61,62,NA,41,53,76,76,NA,78,68,NA
"3776",13017142961,1,0,2,17,61,51,39,NA,30,NA,35,60,42,NA,NA,70,71,60,NA,58
"4097",13017144492,1,36,18,68,64,35,64,NA,28,14,NA,95,NA,89,62,NA,27,34,NA,39
"4098",13017144492,1,38,27,72,34,29,80,NA,0,NA,0,98,NA,95,39,37,NA,27,27,NA
"4099",13017144492,1,78,63,74,34,32,NA,74,4,7,NA,NA,52,87,39,NA,35,37,NA,70
"4100",13017144492,1,93,100,15,73,70,96,NA,97,99,NA,79,NA,100,31,34,NA,NA,97,91
"4101",13017144492,1,100,99,16,76,NA,35,30,NA,0,0,100,NA,100,16,NA,22,25,39,NA
"4402",13017145172,1,70,33,63,39,50,40,NA,29,31,NA,NA,72,73,68,NA,82,NA,33,80
"4403",13017145172,1,85,60,41,66,72,65,NA,NA,60,33,44,59,NA,61,55,NA,81,NA,74
"4404",13017145172,1,56,18,36,54,39,51,NA,NA,60,14,65,56,NA,56,NA,77,72,57,NA
"4405",13017145172,1,43,65,63,49,43,64,NA,NA,65,73,53,NA,65,NA,53,57,78,58,NA
"4406",13017145172,1,72,62,58,59,69,60,NA,NA,31,23,58,NA,76,NA,51,59,69,61,NA
"4407",13017145172,1,79,40,87,79,62,NA,73,25,38,NA,62,NA,79,64,70,NA,NA,58,75
"4708",13017151896,1,86,50,84,62,NA,85,87,23,NA,32,NA,79,75,90,91,NA,93,NA,90
"4709",13017151896,1,91,75,82,75,NA,95,98,26,NA,21,NA,69,74,NA,94,93,97,NA,97
"4710",13017151896,1,79,66,89,72,79,NA,100,NA,14,11,78,NA,77,NA,100,100,100,NA,100
"4711",13017151896,1,94,86,93,79,87,NA,100,NA,25,24,78,NA,81,100,100,NA,100,100,NA
"4712",13017151896,1,100,98,70,67,NA,100,85,90,85,NA,77,70,NA,NA,97,96,98,NA,100
"5009",13017152038,1,91,89,87,92,90,92,NA,3,NA,7,NA,92,92,95,NA,93,NA,90,94
"5010",13017152038,1,93,88,83,91,92,85,NA,1,4,NA,86,100,NA,99,NA,92,NA,89,93
"5011",13017152038,1,99,92,99,93,100,100,NA,68,12,NA,92,NA,92,NA,91,85,83,NA,82
"5012",13017152038,1,92,21,79,94,96,100,NA,8,NA,8,NA,98,99,93,91,NA,90,95,NA
"5272",13117071156,1,88,82,23,76,46,100,NA,NA,81,79,100,100,NA,100,100,NA,100,NA,100
"5273",13117071156,1,55,58,41,79,NA,60,42,100,56,NA,93,89,NA,NA,100,100,87,NA,82
"5274",13117071156,1,72,45,57,100,79,79,NA,NA,66,38,67,NA,68,100,100,NA,100,100,NA
"5275",13117071156,1,100,90,87,100,NA,100,100,NA,92,61,100,100,NA,100,NA,100,NA,100,94
"5504",13117083031,1,58,75,65,70,47,65,NA,68,67,NA,72,NA,68,53,64,NA,NA,66,56
"5505",13117083031,1,56,44,48,73,NA,63,60,46,45,NA,64,73,NA,63,NA,67,71,71,NA
"5506",13117083031,1,60,66,66,77,NA,62,53,NA,58,64,NA,76,68,66,NA,68,62,NA,58
"5507",13117083031,1,58,69,65,64,62,NA,61,NA,56,72,67,62,NA,64,NA,67,NA,66,71
"5508",13117083031,1,73,41,91,80,71,NA,78,79,NA,67,NA,75,73,72,NA,67,80,75,NA
"5819",13117083856,1,65,62,22,9,29,NA,35,78,NA,79,NA,9,17,61,NA,29,NA,42,61
"5820",13117083856,1,37,60,22,17,28,NA,27,80,32,NA,19,NA,5,NA,35,34,66,62,NA
"5821",13117083856,1,18,62,25,28,37,28,NA,NA,29,70,NA,24,4,NA,53,43,70,NA,58
"5822",13117083856,1,68,74,41,36,63,64,NA,68,NA,76,37,NA,16,36,NA,40,67,60,NA
"5823",13117083856,1,73,72,40,44,31,NA,44,NA,98,78,NA,67,71,31,61,NA,66,NA,65
"6091",13117084003,1,42,44,41,40,36,38,NA,NA,38,66,NA,41,35,NA,40,41,41,40,NA
"6092",13117084003,1,41,61,46,58,47,59,NA,NA,51,46,57,48,NA,60,60,NA,56,NA,58
"6093",13117084003,1,48,58,56,63,61,77,NA,54,58,NA,55,57,NA,NA,64,47,NA,46,43
"6094",13117084003,1,36,42,42,39,34,NA,36,42,62,NA,62,64,NA,41,42,NA,43,NA,42
"6095",13117084003,1,52,51,44,51,48,NA,48,64,58,NA,68,61,NA,NA,52,52,49,46,NA
"6096",13117084003,1,46,46,43,57,43,44,NA,NA,44,61,NA,45,42,58,NA,58,56,60,NA
"6354",13117090558,1,29,7,71,82,31,39,NA,17,NA,0,83,NA,84,NA,71,66,40,NA,51
"6355",13117090558,1,73,18,82,67,59,NA,76,NA,63,75,74,81,NA,57,60,NA,NA,29,42
"6356",13117090558,1,77,80,72,76,NA,83,78,22,31,NA,75,76,NA,70,NA,30,70,69,NA
"6357",13117090558,1,22,39,7,78,79,24,NA,74,NA,80,66,NA,72,66,NA,59,29,NA,17
"6358",13117090558,1,88,89,81,80,92,91,NA,70,NA,72,NA,84,84,NA,80,24,11,29,NA
"6627",13117090625,1,31,45,38,43,35,NA,41,59,NA,37,NA,64,61,65,NA,66,NA,59,71
"6628",13117090625,1,70,79,70,73,NA,66,67,34,NA,35,69,NA,75,63,62,NA,68,62,NA
"6629",13117090625,1,61,75,60,65,40,NA,67,73,74,NA,NA,71,74,66,75,NA,NA,70,73
"6630",13117090625,1,34,41,27,43,34,NA,30,NA,21,26,NA,57,58,NA,64,59,NA,63,72
"6631",13117090625,1,12,13,13,59,0,43,NA,NA,5,19,NA,41,61,77,71,NA,NA,66,86
"6632",13117090625,1,23,20,14,65,17,NA,18,NA,33,29,NA,67,67,NA,59,39,77,77,NA
"6934",13117091367,1,66,71,45,67,NA,56,62,25,NA,16,79,NA,75,75,69,NA,NA,71,74
"6935",13117091367,1,71,74,69,100,100,NA,100,65,67,NA,85,NA,86,80,NA,86,NA,78,91
"6936",13117091367,1,80,82,71,80,NA,78,82,72,100,NA,84,70,NA,90,NA,89,77,NA,100
"6937",13117091367,1,67,71,33,85,68,70,NA,NA,67,91,79,NA,83,84,88,NA,89,79,NA
"6938",13117091367,1,62,63,76,66,63,NA,83,NA,20,97,NA,93,85,78,NA,83,NA,81,80
"6939",13117091367,1,83,75,76,75,80,85,NA,98,30,NA,NA,89,84,87,91,NA,81,76,NA
"7243",13117092436,1,37,32,72,58,NA,66,67,NA,48,69,75,NA,74,75,NA,76,NA,75,56
"7244",13117092436,1,66,81,62,82,NA,84,72,73,NA,75,75,69,NA,82,NA,80,68,76,NA
"7245",13117092436,1,75,54,71,73,NA,60,68,15,NA,17,NA,75,65,NA,80,81,NA,70,82
"7246",13117092436,1,49,49,36,65,NA,59,58,NA,38,72,69,69,NA,NA,79,74,84,NA,82
"7247",13117092436,1,73,62,66,62,49,NA,74,32,43,NA,NA,62,70,77,81,NA,73,NA,73
"7529",13117093900,1,78,53,76,87,67,NA,68,NA,53,0,NA,100,100,84,NA,86,NA,68,62
"7530",13117093900,1,73,87,67,64,NA,79,78,NA,81,85,100,NA,100,83,80,NA,NA,63,65
"7531",13117093900,1,53,77,36,50,NA,52,48,74,28,NA,75,80,NA,NA,84,86,67,67,NA
"7532",13117093900,1,62,77,53,53,48,75,NA,100,54,NA,73,NA,100,NA,78,78,68,69,NA
"7533",13117093900,1,71,86,80,65,63,NA,71,96,67,NA,87,NA,100,NA,82,80,NA,71,72
"7534",13117093900,1,39,73,44,75,33,52,NA,27,17,NA,72,99,NA,87,87,NA,68,NA,68
"7855",13117095573,1,15,30,30,57,74,61,NA,71,NA,12,NA,80,64,80,NA,75,72,72,NA
"7856",13117095573,1,61,68,31,66,69,NA,70,100,37,NA,NA,70,73,75,74,NA,NA,77,71
"7857",13117095573,1,69,7,18,83,74,74,NA,18,NA,18,76,NA,84,63,67,NA,NA,78,75
"7858",13117095573,1,85,59,65,70,NA,78,75,29,23,NA,NA,76,75,71,NA,70,75,NA,75
"7859",13117095573,1,35,16,30,70,74,NA,73,NA,32,26,78,76,NA,81,NA,85,NA,73,74
"8131",13117101249,1,65,82,69,65,63,NA,68,60,29,NA,NA,63,67,65,NA,74,NA,56,63
"8132",13117101249,1,87,86,83,84,NA,81,69,NA,40,37,74,73,NA,NA,68,68,66,64,NA
"8133",13117101249,1,53,41,35,59,45,53,NA,31,22,NA,58,64,NA,53,NA,54,65,NA,53
"8134",13117101249,1,69,74,63,64,58,NA,53,81,NA,34,63,68,NA,NA,64,53,54,NA,34
"8135",13117101249,1,66,53,82,86,73,84,NA,16,34,NA,NA,86,75,70,NA,63,66,NA,79
"8419",13117101412,1,25,0,27,100,NA,62,63,NA,66,36,100,100,NA,NA,100,100,100,100,NA
"8420",13117101412,1,16,7,14,100,NA,19,51,51,NA,51,NA,100,100,NA,100,100,NA,100,37
"8421",13117101412,1,100,29,73,100,78,NA,78,51,NA,33,51,NA,51,100,NA,100,NA,51,51
"8422",13117101412,1,25,0,55,51,35,NA,32,70,62,NA,51,NA,100,100,100,NA,100,100,NA
"8423",13117101412,1,72,10,51,51,81,NA,22,NA,75,80,NA,51,100,100,NA,100,100,NA,71
"8712",13117112776,1,100,27,32,100,100,100,NA,NA,83,89,86,100,NA,100,100,NA,NA,70,30
"8713",13117112776,1,77,32,31,100,NA,28,33,100,27,NA,100,NA,100,100,100,NA,100,NA,100
"8714",13117112776,1,22,89,0,100,65,NA,68,NA,78,0,99,NA,100,100,100,NA,83,100,NA
"8715",13117112776,1,100,100,100,100,NA,100,100,100,100,NA,100,100,NA,100,NA,100,NA,100,100
"8716",13117112776,1,100,100,80,91,100,100,NA,100,NA,100,NA,53,87,NA,96,100,100,NA,100
"8996",13117114303,1,98,97,34,75,NA,98,98,100,15,NA,100,80,NA,82,75,NA,74,77,NA
"8997",13117114303,1,62,31,40,62,NA,69,71,28,NA,33,55,60,NA,52,NA,52,66,66,NA
"8998",13117114303,1,68,28,43,61,NA,69,64,NA,35,29,62,52,NA,65,61,NA,68,NA,71
"8999",13117114303,1,27,33,34,44,37,NA,44,90,35,NA,71,61,NA,NA,63,66,65,NA,64
"9000",13117114303,1,21,20,23,64,14,5,NA,23,30,NA,80,71,NA,65,69,NA,67,59,NA
"9264",13117121044,1,35,22,54,86,56,52,NA,NA,40,35,94,88,NA,76,83,NA,NA,69,57
"9265",13117121044,1,61,66,64,86,79,NA,74,34,NA,22,NA,91,93,85,86,NA,86,NA,75
"9266",13117121044,1,88,84,94,92,91,NA,76,20,75,NA,NA,90,90,NA,86,90,NA,84,72
"9267",13117121044,1,77,80,65,89,88,85,NA,47,69,NA,88,NA,96,87,81,NA,NA,79,74
"9268",13117121044,1,86,75,69,92,NA,93,78,60,NA,27,NA,93,92,90,87,NA,80,NA,76
"9579",13117121215,1,70,62,60,81,65,91,NA,NA,60,0,85,92,NA,69,69,NA,75,76,NA
"9580",13117121215,1,76,85,80,79,NA,100,77,9,NA,0,NA,78,88,NA,70,68,NA,69,68
"9581",13117121215,1,82,66,72,82,NA,74,75,10,NA,34,74,NA,83,89,69,NA,65,NA,69
"9582",13117121215,1,78,90,87,76,75,90,NA,14,NA,21,73,NA,73,76,NA,71,74,69,NA
"9583",13117121215,1,79,100,73,74,68,NA,71,NA,87,23,NA,80,85,69,NA,66,73,68,NA
"9888",13117121910,1,42,12,70,19,51,NA,51,NA,25,36,33,33,NA,45,53,NA,NA,56,26
"9889",13117121910,1,57,37,55,53,53,NA,53,35,35,NA,53,53,NA,56,56,NA,65,NA,60
"9890",13117121910,1,56,38,58,29,53,56,NA,NA,58,56,NA,26,17,53,53,NA,60,58,NA
"9891",13117121910,1,35,36,65,28,25,39,NA,33,NA,38,36,37,NA,NA,60,58,51,NA,53
"9892",13117121910,1,67,56,61,36,55,53,NA,89,76,NA,37,36,NA,57,NA,60,61,NA,53
"9893",13117121910,1,35,56,67,28,NA,24,31,28,26,NA,27,NA,29,NA,56,58,NA,53,65
"10193",13117122026,1,36,0,82,40,11,NA,12,12,34,NA,NA,37,33,NA,70,80,83,NA,68
"10194",13117122026,1,54,24,25,61,37,NA,39,17,NA,23,80,NA,41,75,NA,80,75,NA,76
"10195",13117122026,1,65,40,91,61,NA,58,67,19,NA,18,NA,65,48,NA,80,74,87,NA,73
"10196",13117122026,1,10,4,30,41,NA,39,60,NA,20,10,NA,58,44,76,NA,70,72,78,NA
"10197",13117122026,1,50,46,61,48,NA,53,47,NA,13,80,64,NA,42,77,78,NA,NA,74,82
"10198",13117122026,1,39,35,66,39,NA,48,52,NA,19,24,NA,45,31,66,80,NA,NA,75,64
"10453",13117131328,1,39,39,35,53,NA,63,63,27,NA,30,62,NA,55,95,84,NA,NA,67,68
"10454",13117131328,1,37,62,44,36,35,65,NA,30,NA,33,59,NA,56,NA,56,73,NA,83,75
"10455",13117131328,1,68,35,82,45,NA,52,66,58,35,NA,61,NA,46,65,NA,72,NA,61,67
"10456",13117131328,1,35,54,68,70,62,NA,66,66,NA,57,46,68,NA,29,45,NA,72,36,NA
"10457",13117131328,1,56,56,44,45,55,56,NA,45,48,NA,36,40,NA,58,NA,63,45,NA,56
"10458",13117131328,1,50,50,50,44,50,NA,50,93,NA,79,NA,46,63,64,56,NA,NA,62,59
"10740",13117131357,1,100,87,53,63,90,NA,87,19,NA,16,76,NA,93,96,NA,84,NA,53,58
"10741",13117131357,1,60,42,53,88,NA,70,46,87,14,NA,NA,75,89,NA,100,77,62,66,NA
"10742",13117131357,1,62,21,73,75,62,NA,67,88,NA,42,58,75,NA,100,92,NA,NA,40,63
"10743",13117131357,1,53,66,53,78,53,53,NA,NA,53,53,53,83,NA,NA,88,78,NA,53,53
"10744",13117131357,1,90,84,71,85,83,74,NA,89,71,NA,84,NA,89,87,87,NA,31,NA,26
"11052",13117140172,1,86,11,95,46,53,64,NA,NA,39,89,19,NA,64,NA,84,65,NA,76,63
"11053",13117140172,1,66,43,58,63,NA,36,69,38,36,NA,64,NA,69,NA,64,77,68,68,NA
"11054",13117140172,1,92,80,64,35,58,NA,83,52,32,NA,61,65,NA,67,75,NA,NA,61,92
"11055",13117140172,1,72,65,87,35,67,89,NA,NA,54,70,45,NA,38,67,69,NA,71,38,NA
"11056",13117140172,1,81,94,97,53,53,NA,72,100,83,NA,40,NA,59,56,NA,48,NA,71,74
"11057",13117140172,1,59,34,91,33,53,83,NA,100,29,NA,32,NA,77,NA,84,68,NA,46,84
"11339",13117150640,1,69,69,64,75,NA,82,76,48,NA,31,87,NA,84,NA,81,82,69,NA,69
"11340",13117150640,1,69,67,75,69,NA,75,80,NA,31,32,87,85,NA,88,NA,86,64,NA,77
"11341",13117150640,1,82,87,66,85,70,84,NA,NA,84,92,NA,86,78,NA,82,76,79,81,NA
"11342",13117150640,1,60,73,66,75,87,NA,75,NA,63,75,86,85,NA,NA,81,77,71,NA,83
"11343",13117150640,1,78,80,76,80,76,80,NA,NA,85,83,83,77,NA,84,78,NA,NA,75,76
"11542",13117150715,1,67,69,52,72,60,NA,44,44,62,NA,52,44,NA,65,36,NA,65,NA,55
"11543",13117150715,1,44,29,64,38,52,NA,52,NA,37,70,58,NA,66,78,52,NA,45,65,NA
"11544",13117150715,1,67,69,69,35,NA,72,65,NA,74,68,NA,67,36,NA,55,52,53,50,NA
"11545",13117150715,1,52,78,58,60,NA,52,54,52,58,NA,57,60,NA,52,NA,68,73,52,NA
"11546",13117150715,1,52,55,64,41,69,NA,56,37,NA,67,63,58,NA,NA,54,61,74,NA,39
"11834",13117150996,1,59,58,40,45,NA,80,76,15,21,NA,100,69,NA,83,96,NA,NA,81,65
"11835",13117150996,1,73,25,76,55,65,66,NA,71,NA,37,90,76,NA,84,NA,66,64,71,NA
"11836",13117150996,1,74,21,27,63,71,NA,69,NA,82,64,76,NA,70,NA,75,68,70,82,NA
"11837",13117150996,1,66,100,43,47,69,NA,36,100,NA,22,NA,36,80,NA,100,71,NA,79,69
"11838",13117150996,1,71,47,59,61,70,NA,22,28,NA,20,NA,59,71,64,NA,68,82,86,NA
"12098",13117151241,1,77,67,69,67,65,91,NA,95,NA,21,57,NA,100,NA,91,87,77,NA,100
"12099",13117151241,1,78,75,67,36,84,78,NA,93,NA,83,NA,66,85,97,NA,91,NA,82,100
"12100",13117151241,1,79,79,79,60,57,NA,85,13,NA,9,NA,70,84,NA,78,83,79,82,NA
"12101",13117151241,1,77,39,88,71,NA,76,72,100,79,NA,NA,68,82,73,69,NA,98,100,NA
"12102",13117151241,1,64,25,29,58,26,NA,74,76,NA,91,NA,65,75,NA,89,95,78,77,NA
"12103",13117151241,1,67,6,76,69,67,92,NA,7,NA,12,87,78,NA,74,NA,73,93,100,NA
"12400",20117090733,1,75,74,73,55,75,NA,75,25,64,NA,NA,72,72,75,73,NA,NA,76,77
"12401",20117090733,1,66,71,71,69,71,72,NA,42,42,NA,75,NA,74,71,74,NA,NA,71,71
"12402",20117090733,1,80,77,72,74,76,72,NA,28,NA,28,NA,71,71,74,72,NA,66,NA,54
"12403",20117090733,1,33,68,43,72,NA,66,52,NA,32,37,68,67,NA,67,62,NA,67,NA,65
"12404",20117090733,1,62,64,82,66,73,71,NA,46,34,NA,54,54,NA,NA,73,52,71,65,NA
"12719",20117091044,1,80,41,72,85,70,75,NA,76,NA,36,NA,69,73,82,NA,72,NA,76,83
"12720",20117091044,1,66,8,80,82,64,NA,87,NA,33,75,87,NA,85,89,90,NA,NA,83,84
"12721",20117091044,1,63,41,65,82,60,NA,73,42,40,NA,NA,69,79,75,NA,73,NA,75,79
"12722",20117091044,1,66,66,28,66,NA,93,77,NA,69,100,77,NA,77,NA,71,69,79,81,NA
"12723",20117091044,1,70,81,94,82,93,NA,77,100,NA,100,NA,74,83,82,NA,79,NA,75,75
"12724",20117091044,1,71,29,34,58,NA,56,65,NA,64,52,NA,74,83,81,73,NA,59,58,NA
"13028",20117091098,1,54,76,50,50,NA,50,50,52,NA,50,76,52,NA,NA,72,98,82,NA,86
"13029",20117091098,1,95,76,58,65,56,93,NA,NA,62,14,67,92,NA,NA,65,50,50,57,NA
"13030",20117091098,1,50,46,85,80,NA,55,50,50,NA,6,NA,78,74,80,78,NA,81,79,NA
"13031",20117091098,1,86,84,90,88,76,85,NA,NA,24,22,NA,50,50,85,68,NA,86,79,NA
"13300",20117091215,1,52,41,52,68,NA,37,37,NA,38,36,NA,98,69,88,100,NA,61,64,NA
"13301",20117091215,1,32,40,42,61,33,NA,52,NA,34,47,NA,54,81,98,75,NA,52,52,NA
"13302",20117091215,1,93,90,96,97,90,96,NA,7,12,NA,NA,99,94,NA,96,92,100,NA,94
"13303",20117091215,1,43,18,0,38,NA,33,25,66,NA,66,79,52,NA,72,76,NA,56,NA,58
"13304",20117091215,1,22,41,12,42,16,NA,19,NA,18,46,67,NA,68,52,NA,52,46,NA,38
"13305",20117091215,1,99,60,36,55,100,64,NA,68,NA,40,61,NA,75,100,79,NA,NA,52,67
"13614",20117100494,1,73,62,76,71,68,79,NA,13,NA,16,73,80,NA,79,91,NA,54,85,NA
"13615",20117100494,1,80,59,68,75,NA,78,76,NA,60,54,NA,77,73,91,NA,86,81,NA,94
"13616",20117100494,1,52,70,54,73,70,NA,72,71,NA,62,NA,79,68,76,77,NA,73,73,NA
"13617",20117100494,1,86,40,71,62,67,NA,56,64,55,NA,NA,76,92,87,85,NA,NA,80,67
"13618",20117100494,1,54,62,58,57,63,79,NA,NA,23,20,75,NA,67,77,79,NA,63,NA,84
"13619",20117100494,1,74,24,65,72,78,NA,56,31,37,NA,NA,58,62,69,67,NA,69,NA,65
"13863",20117100526,1,62,28,38,88,NA,38,59,NA,38,15,NA,93,51,70,NA,70,NA,47,56
"13864",20117100526,1,63,64,34,80,NA,65,58,100,NA,68,NA,84,76,70,62,NA,NA,46,63
"13865",20117100526,1,58,42,100,87,63,65,NA,93,67,NA,65,NA,52,84,81,NA,NA,47,39
"13866",20117100526,1,32,0,36,51,36,36,NA,22,NA,27,51,60,NA,56,60,NA,33,NA,27
"13867",20117100526,1,79,80,74,89,86,NA,76,86,81,NA,78,NA,83,NA,83,92,79,68,NA
"14006",20117111179,1,62,28,45,68,40,45,NA,44,42,NA,NA,73,68,86,NA,83,65,NA,46
"14007",20117111179,1,61,65,60,56,NA,61,67,53,53,NA,NA,73,79,NA,75,66,77,61,NA
"14008",20117111179,1,69,77,70,74,69,NA,75,38,NA,41,76,78,NA,73,72,NA,NA,72,87
"14009",20117111179,1,75,79,65,71,75,NA,75,NA,70,79,81,79,NA,NA,75,74,NA,100,100
"14010",20117111179,1,76,100,78,81,NA,79,81,55,100,NA,NA,73,76,88,80,NA,76,84,NA
"14305",20117111215,1,76,75,71,84,76,NA,79,0,21,NA,NA,83,84,75,NA,64,73,70,NA
"14306",20117111215,1,77,83,81,64,75,NA,91,NA,33,0,NA,68,78,60,NA,77,NA,75,77
"14307",20117111215,1,63,87,67,56,37,86,NA,77,NA,17,63,77,NA,NA,80,82,87,89,NA
"14308",20117111215,1,64,87,24,34,NA,63,68,95,NA,90,60,58,NA,84,NA,74,84,NA,82
"14309",20117111215,1,74,29,68,82,62,NA,79,NA,79,88,75,NA,76,77,86,NA,90,NA,75
"14310",20117111215,1,92,89,57,73,NA,78,82,77,27,NA,68,NA,88,71,79,NA,NA,88,91
"14616",20117111313,1,100,84,100,100,100,NA,100,NA,100,100,NA,100,100,100,NA,100,100,100,NA
"14617",20117111313,1,100,100,100,100,NA,100,100,NA,71,4,100,100,NA,100,NA,100,100,100,NA
"14618",20117111313,1,100,100,100,100,100,100,NA,100,NA,0,100,NA,100,NA,100,100,100,NA,100
"14619",20117111313,1,100,54,100,100,NA,100,100,100,100,NA,100,NA,100,100,NA,100,100,NA,100
"14620",20117111313,1,100,100,100,100,NA,100,100,NA,100,0,100,NA,100,NA,100,100,100,NA,100
"14621",20117111313,1,100,100,100,100,100,NA,100,100,100,NA,100,100,NA,100,NA,100,100,100,NA
"14931",20117123802,1,38,36,75,51,52,NA,55,NA,17,14,56,NA,57,58,59,NA,NA,42,52
"14932",20117123802,1,56,75,52,56,63,NA,58,NA,41,66,58,NA,60,NA,56,61,NA,52,52
"14933",20117123802,1,55,75,49,48,47,59,NA,57,35,NA,62,NA,56,48,NA,63,55,NA,52
"14934",20117123802,1,44,94,37,34,43,NA,56,87,70,NA,34,NA,61,55,NA,60,NA,66,61
"14935",20117123802,1,67,92,68,72,70,NA,59,NA,12,73,60,63,NA,62,58,NA,52,NA,52
"15215",20117123989,1,43,70,11,73,47,76,NA,NA,13,18,73,78,NA,56,NA,64,64,NA,61
"15216",20117123989,1,77,88,40,73,57,100,NA,56,58,NA,NA,51,59,82,NA,65,NA,82,51
"15217",20117123989,1,16,0,36,56,27,NA,52,16,16,NA,53,78,NA,65,78,NA,57,NA,55
"15218",20117123989,1,51,51,5,53,62,NA,51,NA,51,14,45,42,NA,NA,79,53,44,45,NA
"15431",20117130408,1,66,45,55,73,NA,80,71,61,57,NA,84,86,NA,64,66,NA,66,60,NA
"15432",20117130408,1,71,61,46,63,NA,75,78,NA,66,62,68,NA,75,70,72,NA,NA,65,74
"15433",20117130408,1,60,16,46,64,NA,77,67,75,35,NA,NA,71,65,67,NA,65,65,63,NA
"15434",20117130408,1,28,56,28,67,NA,27,33,65,NA,51,NA,75,69,53,61,NA,NA,53,63
"15435",20117130408,1,22,56,22,66,22,NA,30,NA,16,28,NA,67,68,NA,61,61,66,63,NA
"15722",20117130872,1,76,74,74,70,76,NA,75,NA,29,61,71,NA,72,NA,72,65,NA,71,66
"15723",20117130872,1,82,67,77,75,69,NA,68,NA,39,18,54,80,NA,NA,71,73,59,NA,65
"15724",20117130872,1,76,76,80,68,76,NA,79,31,NA,71,NA,79,77,70,NA,74,65,74,NA
"15725",20117130872,1,56,62,75,71,67,67,NA,NA,14,70,81,76,NA,NA,73,71,75,80,NA
"15726",20117130872,1,81,37,56,66,75,NA,72,67,36,NA,69,NA,57,NA,73,73,80,66,NA
"16038",20117131492,1,68,38,71,77,73,72,NA,NA,80,5,69,84,NA,100,NA,99,NA,100,99
"16039",20117131492,1,83,91,54,89,NA,92,85,79,3,NA,98,91,NA,NA,97,100,95,95,NA
"16040",20117131492,1,87,24,85,82,86,90,NA,87,9,NA,95,95,NA,100,99,NA,100,100,NA
"16041",20117131492,1,88,90,87,88,NA,89,93,NA,15,12,97,98,NA,NA,100,100,98,NA,98
"16291",20117140454,1,100,100,93,100,87,NA,85,62,63,NA,81,NA,97,100,92,NA,NA,64,65
"16292",20117140454,1,62,73,68,78,84,75,NA,NA,100,100,76,82,NA,100,NA,100,NA,100,100
"16293",20117140454,1,55,98,52,97,51,NA,52,100,75,NA,52,97,NA,NA,77,94,75,NA,73
"16294",20117140454,1,55,54,52,66,68,NA,68,100,NA,100,NA,66,73,56,67,NA,100,100,NA
"16295",20117140454,1,81,95,19,93,NA,79,52,100,97,NA,93,NA,100,100,NA,99,97,100,NA
"16296",20117140454,1,61,38,75,100,95,100,NA,100,NA,100,100,100,NA,100,100,NA,NA,100,100
"16522",20117140744,1,53,62,40,68,53,NA,33,NA,14,66,NA,89,67,76,60,NA,77,NA,48
"16523",20117140744,1,82,40,40,90,NA,92,92,82,NA,5,87,NA,73,62,NA,75,66,65,NA
"16524",20117140744,1,29,45,64,76,26,36,NA,20,NA,4,NA,69,62,61,61,NA,NA,72,82
"16525",20117140744,1,40,35,31,76,45,NA,55,31,NA,43,73,NA,59,NA,61,45,NA,62,40
"16526",20117140744,1,68,37,35,91,46,NA,69,100,76,NA,99,95,NA,76,NA,68,69,NA,38
"16812",20117141162,1,61,47,68,72,59,NA,72,62,60,NA,79,82,NA,86,82,NA,NA,80,81
"16813",20117141162,1,68,67,50,59,66,NA,71,67,NA,23,90,NA,77,71,70,NA,83,NA,85
"16814",20117141162,1,89,77,58,71,66,NA,68,52,52,NA,74,NA,76,67,72,NA,77,NA,92
"16815",20117141162,1,73,60,35,80,NA,77,75,60,61,NA,79,75,NA,68,74,NA,NA,78,81
"16816",20117141162,1,63,63,62,70,51,71,NA,67,NA,64,83,80,NA,71,70,NA,NA,78,88
"16817",20117141162,1,28,39,38,71,35,NA,48,NA,51,55,65,NA,65,NA,71,71,71,NA,69
"17125",20117141421,1,58,15,33,48,56,NA,68,72,0,NA,79,44,NA,NA,100,88,NA,70,73
"17126",20117141421,1,21,70,7,28,26,24,NA,NA,34,100,62,NA,12,84,100,NA,100,NA,100
"17127",20117141421,1,68,78,65,70,NA,67,66,NA,59,73,NA,39,71,100,NA,100,84,NA,55
"17128",20117141421,1,25,1,78,21,NA,34,35,26,NA,0,61,29,NA,79,80,NA,39,NA,24
"17129",20117141421,1,9,68,13,10,29,NA,26,82,NA,0,34,32,NA,NA,35,68,NA,13,7
"17323",20117150873,1,55,28,34,83,54,82,NA,75,38,NA,84,NA,84,83,NA,77,85,NA,82
"17324",20117150873,1,75,37,60,100,80,84,NA,NA,34,27,80,NA,86,75,74,NA,67,NA,72
"17325",20117150873,1,79,33,45,90,92,NA,76,NA,29,31,NA,95,88,NA,81,82,79,NA,90
"17326",20117150873,1,86,84,23,100,90,NA,86,0,NA,0,NA,100,100,82,NA,80,100,NA,100
"17327",20117150873,1,86,71,81,95,100,NA,100,NA,30,18,NA,98,77,NA,88,84,NA,81,95
"17328",20117150873,1,71,17,81,75,NA,79,72,NA,0,0,NA,100,100,68,82,NA,83,NA,85
"17612",20117151063,1,32,28,73,95,33,34,NA,NA,14,19,78,84,NA,NA,75,75,66,69,NA
"17613",20117151063,1,33,26,32,84,31,61,NA,NA,41,34,67,NA,81,69,NA,71,80,68,NA
"17614",20117151063,1,66,72,29,94,NA,76,53,45,36,NA,76,81,NA,85,77,NA,79,NA,78
"17615",20117151063,1,73,51,32,82,71,78,NA,62,53,NA,76,NA,79,75,79,NA,NA,80,76
"17616",20117151063,1,73,58,32,77,74,71,NA,NA,39,56,89,NA,85,NA,74,77,NA,73,71
"17617",20117151063,1,69,33,29,78,53,81,NA,32,NA,38,81,95,NA,79,NA,78,78,NA,75
"17885",20217061012,1,64,81,92,54,NA,71,87,60,2,NA,88,NA,93,NA,79,77,91,100,NA
"17886",20217061012,1,86,75,100,96,65,89,NA,8,12,NA,95,NA,91,95,83,NA,96,NA,74
"17887",20217061012,1,68,21,97,67,78,93,NA,65,NA,69,78,79,NA,85,NA,66,82,77,NA
"17888",20217061012,1,86,82,95,74,70,94,NA,92,NA,87,70,69,NA,76,87,NA,78,78,NA
"17889",20217061012,1,43,79,25,81,NA,65,61,NA,8,50,NA,79,94,NA,92,78,74,80,NA
"17890",20217061012,1,34,30,38,52,NA,67,68,5,27,NA,90,86,NA,94,NA,66,87,80,NA
"18208",20217062688,1,39,9,63,45,NA,41,0,NA,30,6,NA,65,61,NA,85,63,27,NA,41
"18209",20217062688,1,65,90,35,75,NA,69,35,34,39,NA,NA,79,76,66,73,NA,NA,83,78
"18210",20217062688,1,30,94,22,36,23,37,NA,2,NA,1,35,63,NA,69,NA,71,NA,68,67
"18211",20217062688,1,72,92,100,65,60,NA,39,NA,11,9,82,NA,82,74,NA,73,82,NA,80
"18212",20217062688,1,74,74,88,74,81,NA,27,74,NA,84,81,79,NA,72,NA,81,72,71,NA
"18497",20217070843,1,71,51,93,60,NA,75,72,NA,84,59,NA,76,78,87,81,NA,44,88,NA
"18498",20217070843,1,83,53,70,49,NA,89,90,NA,56,24,NA,73,79,81,NA,61,NA,79,42
"18499",20217070843,1,76,33,82,76,85,NA,84,69,NA,36,81,NA,81,85,84,NA,79,53,NA
"18500",20217070843,1,67,76,NA,NA,NA,NA,NA,NA,NA,NA,NA,NA,NA,NA,NA,NA,NA,79,48
"18501",20217070843,1,76,70,73,69,NA,78,81,40,40,NA,NA,76,53,NA,71,69,NA,66,72
"18502",20217070843,1,100,56,100,100,100,NA,84,71,5,NA,94,100,NA,100,72,NA,15,28,NA
"18806",20217074877,1,60,38,37,62,NA,58,56,59,NA,10,69,NA,67,83,NA,79,70,72,NA
"18807",20217074877,1,64,60,62,72,NA,66,69,65,NA,18,NA,76,74,83,NA,85,77,NA,72
"18808",20217074877,1,66,63,61,69,63,68,NA,NA,59,44,NA,82,79,NA,81,83,NA,78,59
"18809",20217074877,1,75,73,46,78,72,74,NA,74,68,NA,80,81,NA,86,84,NA,78,80,NA
"18810",20217074877,1,67,71,72,78,NA,68,67,NA,62,39,73,NA,79,NA,85,85,NA,80,72
"19103",20217080785,1,69,35,63,55,65,81,NA,25,30,NA,NA,74,85,65,NA,75,70,NA,75
"19104",20217080785,1,65,65,67,64,63,63,NA,63,NA,26,NA,65,77,60,NA,63,58,NA,63
"19105",20217080785,1,60,31,29,60,NA,66,61,67,NA,64,64,NA,74,NA,67,62,NA,68,63
"19106",20217080785,1,41,52,16,59,NA,61,60,15,23,NA,61,57,NA,60,52,NA,65,62,NA
"19107",20217080785,1,56,63,36,57,65,67,NA,52,NA,52,62,NA,82,NA,67,62,NA,62,58
"19108",20217080785,1,59,21,68,67,66,63,NA,NA,NA,NA,NA,77,88,63,67,NA,62,NA,61
"19109",20217080785,1,65,24,67,67,56,NA,61,NA,73,24,NA,68,74,66,NA,61,66,64,NA
"19429",20217084310,1,81,82,79,80,68,NA,63,NA,69,73,70,NA,72,75,69,NA,NA,69,75
"19430",20217084310,1,89,82,92,81,78,NA,80,87,92,NA,88,NA,90,87,NA,84,NA,70,75
"19431",20217084310,1,93,95,89,91,82,NA,76,NA,93,89,89,NA,84,91,NA,90,91,NA,89
"19432",20217084310,1,90,88,93,91,NA,87,85,88,NA,92,NA,89,91,89,NA,97,90,89,NA
"19433",20217084310,1,88,87,87,83,79,NA,86,91,86,NA,NA,89,87,88,NA,89,84,NA,87
"19434",20217084310,1,84,76,74,66,65,NA,66,69,NA,65,66,NA,73,71,NA,73,60,66,NA
"19435",20217084310,1,71,69,66,68,66,69,NA,79,NA,70,NA,69,62,68,66,NA,NA,60,67
"19695",20217084507,1,77,46,75,66,71,74,NA,52,NA,52,74,NA,74,78,NA,80,69,NA,70
"19696",20217084507,1,74,78,72,72,74,78,NA,54,NA,28,NA,82,81,75,NA,82,75,NA,73
"19697",20217084507,1,71,52,52,80,77,79,NA,73,NA,21,76,81,NA,NA,85,92,78,NA,79
"19698",20217084507,1,65,29,74,84,69,NA,69,52,53,NA,84,NA,82,NA,90,82,79,NA,78
"19953",20217091126,1,43,54,48,42,48,NA,48,71,NA,55,50,57,NA,NA,66,51,60,48,NA
"19954",20217091126,1,43,31,54,56,48,NA,52,NA,42,52,48,52,NA,NA,49,59,52,NA,56
"19955",20217091126,1,63,43,48,43,NA,53,48,53,48,NA,51,51,NA,47,69,NA,50,47,NA
"19956",20217091126,1,52,55,52,49,52,51,NA,NA,52,48,44,NA,46,NA,71,70,45,45,NA
"19957",20217091126,1,61,52,48,48,47,51,NA,58,NA,45,54,NA,43,61,NA,52,52,52,NA
"20251",20217091489,1,100,64,100,75,NA,100,0,16,NA,33,100,100,NA,NA,100,98,NA,54,55
"20252",20217091489,1,100,100,100,100,NA,100,0,74,NA,18,70,NA,76,100,NA,100,75,76,NA
"20253",20217091489,1,61,78,35,74,87,87,NA,100,71,NA,75,77,NA,NA,79,81,NA,76,80
"20254",20217091489,1,84,94,85,83,NA,80,19,NA,80,29,87,NA,90,100,99,NA,89,85,NA
"20255",20217091489,1,76,75,100,100,81,NA,79,NA,74,0,68,70,NA,NA,75,68,77,83,NA
"20532",20217091821,1,63,32,42,57,57,NA,29,52,56,NA,64,NA,60,47,58,NA,NA,53,41
"20533",20217091821,1,59,64,59,38,64,65,NA,NA,61,55,60,60,NA,68,NA,64,NA,61,54
"20534",20217091821,1,49,76,59,52,64,56,NA,63,63,NA,57,61,NA,NA,59,59,NA,58,69
"20535",20217091821,1,65,68,75,42,NA,63,64,62,NA,65,NA,58,64,67,NA,66,NA,65,69
"20536",20217091821,1,12,73,68,69,NA,73,68,70,65,NA,NA,69,67,68,NA,71,63,71,NA
"20537",20217091821,1,66,61,59,57,43,NA,50,67,62,NA,84,63,NA,NA,59,65,52,NA,51
"20837",20217101241,1,16,0,11,94,NA,50,32,74,NA,68,NA,89,75,65,77,NA,75,NA,80
"20838",20217101241,1,28,12,2,93,20,78,NA,NA,91,86,100,NA,98,74,NA,78,NA,90,86
"20839",20217101241,1,61,9,78,100,15,NA,87,54,NA,27,85,90,NA,NA,90,94,90,NA,50
"20840",20217101241,1,38,9,45,87,82,93,NA,23,11,NA,NA,100,100,65,78,NA,NA,85,89
"20841",20217101241,1,83,82,86,100,NA,79,100,93,NA,85,NA,100,100,NA,100,100,NA,100,100
"21143",20217101528,1,39,20,43,45,63,NA,66,NA,42,37,NA,68,61,63,59,NA,70,61,NA
"21144",20217101528,1,39,72,30,61,NA,58,59,43,NA,36,68,57,NA,59,NA,44,43,NA,45
"21145",20217101528,1,35,75,30,63,31,36,NA,88,NA,72,64,70,NA,45,NA,37,76,NA,65
"21146",20217101528,1,79,76,71,76,NA,84,75,79,NA,79,69,68,NA,67,NA,71,NA,64,65
"21428",20217101554,1,51,51,48,51,70,67,NA,45,NA,63,78,NA,39,79,NA,22,54,NA,54
"21429",20217101554,1,51,90,51,76,74,70,NA,94,91,NA,67,NA,68,60,51,NA,69,NA,45
"21430",20217101554,1,35,28,30,67,NA,27,27,39,NA,51,61,51,NA,NA,66,35,NA,44,51
"21431",20217101554,1,51,36,51,32,40,35,NA,NA,28,69,39,72,NA,64,72,NA,NA,35,38
"21432",20217101554,1,85,75,51,78,NA,70,64,NA,51,77,76,NA,70,51,NA,51,12,NA,13
"21745",20217103792,1,50,50,73,75,NA,79,82,82,80,NA,55,91,NA,NA,68,68,NA,69,77
"21746",20217103792,1,74,93,50,75,NA,93,86,84,NA,49,81,77,NA,NA,55,56,50,NA,50
"21747",20217103792,1,75,31,75,79,62,NA,67,67,NA,50,NA,80,77,50,NA,73,76,NA,87
"21748",20217103792,1,68,26,63,59,NA,70,77,59,NA,35,79,NA,78,54,82,NA,71,72,NA
"21749",20217103792,1,50,50,69,68,NA,68,77,30,NA,36,77,81,NA,70,NA,75,73,NA,72
"22016",20217103930,1,50,37,39,76,68,66,NA,79,NA,20,93,71,NA,86,NA,86,63,NA,38
"22017",20217103930,1,81,38,81,85,76,NA,78,30,NA,22,NA,86,86,85,54,NA,NA,65,65
"22018",20217103930,1,84,41,78,75,79,NA,71,NA,8,29,89,NA,90,80,NA,81,NA,70,68
"22019",20217103930,1,85,72,62,91,76,78,NA,NA,14,22,84,NA,88,75,81,NA,78,80,NA
"22020",20217103930,1,81,31,30,92,78,65,NA,NA,18,14,89,92,NA,81,82,NA,NA,86,70
"22285",20217104164,1,67,16,67,82,NA,84,65,NA,25,0,95,94,NA,NA,74,100,68,72,NA
"22286",20217104164,1,100,81,95,85,81,NA,100,NA,92,83,92,NA,89,98,92,NA,NA,73,89
"22287",20217104164,1,74,69,83,92,NA,87,95,63,NA,38,NA,100,95,100,NA,100,100,93,NA
"22288",20217104164,1,38,32,72,91,68,NA,74,32,36,NA,78,NA,79,84,NA,100,44,NA,59
"22289",20217104164,1,67,65,90,89,80,100,NA,79,NA,67,94,NA,100,100,NA,100,91,NA,82
"22290",20217104164,1,98,80,96,94,99,NA,100,94,91,NA,91,94,NA,100,NA,100,NA,91,81
"22550",20217110752,1,69,93,74,71,NA,67,67,NA,71,24,64,NA,67,53,NA,62,55,68,NA
"22551",20217110752,1,74,61,70,76,NA,27,76,73,NA,25,NA,78,73,70,73,NA,31,71,NA
"22552",20217110752,1,74,64,73,35,NA,79,84,81,79,NA,75,72,NA,75,74,NA,NA,75,67
"22553",20217110752,1,71,31,73,73,83,NA,25,86,66,NA,NA,81,73,79,26,NA,NA,19,28
"22554",20217110752,1,84,27,83,75,43,NA,73,NA,85,29,70,65,NA,43,NA,62,NA,18,37
"22555",20217110752,1,79,31,74,67,68,73,NA,75,71,NA,NA,87,75,NA,76,73,72,75,NA
"22800",20217113533,1,67,36,36,62,NA,74,74,64,32,NA,76,67,NA,72,NA,52,66,NA,81
"22801",20217113533,1,73,83,91,62,99,NA,86,NA,80,71,NA,68,51,80,NA,62,NA,72,38
"22802",20217113533,1,NA,NA,20,65,NA,NA,NA,NA,NA,NA,NA,NA,NA,NA,NA,NA,NA,NA,NA
"22803",20217113533,1,31,17,82,41,31,NA,32,100,74,NA,82,63,NA,NA,64,35,65,80,NA
"22804",20217113533,1,78,73,83,63,63,59,NA,NA,73,32,80,58,NA,70,NA,62,NA,62,63
"22805",20217113533,1,62,76,73,87,NA,93,77,NA,73,75,NA,65,79,63,87,NA,64,NA,81
"23110",20217121402,1,87,88,95,96,87,90,NA,100,NA,82,100,NA,93,95,98,NA,NA,99,100
"23111",20217121402,1,97,100,95,100,NA,100,100,94,NA,63,88,NA,94,NA,95,100,NA,97,100
"23112",20217121402,1,90,95,100,92,90,NA,100,NA,77,78,97,NA,100,100,NA,100,100,91,NA
"23113",20217121402,1,70,87,80,80,NA,88,85,NA,59,65,NA,100,95,100,NA,100,100,NA,100
"23114",20217121402,1,97,100,100,100,NA,87,96,85,NA,85,NA,100,94,NA,85,88,NA,95,90
"23115",20217121402,1,67,52,74,76,84,NA,100,NA,69,69,89,77,NA,NA,100,100,100,86,NA
"23421",20217121724,1,75,28,34,64,30,58,NA,NA,30,28,48,73,NA,75,75,NA,NA,74,100
"23422",20217121724,1,79,81,23,70,NA,75,100,99,18,NA,77,76,NA,71,74,NA,NA,79,89
"23423",20217121724,1,87,100,84,100,82,85,NA,NA,77,16,NA,100,84,82,NA,83,100,NA,100
"23424",20217121724,1,8,30,21,42,19,NA,2,70,23,NA,44,70,NA,75,85,NA,100,NA,99
"23425",20217121724,1,26,74,18,25,26,35,NA,90,NA,81,25,NA,24,100,NA,100,100,100,NA
"23723",20217122095,1,70,68,69,71,74,NA,84,24,73,NA,59,71,NA,70,NA,56,NA,47,54
"23724",20217122095,1,79,82,69,71,NA,83,90,NA,69,19,NA,71,53,73,81,NA,NA,67,76
"23725",20217122095,1,68,74,72,69,NA,87,86,NA,49,64,NA,72,57,78,80,NA,72,83,NA
"23726",20217122095,1,63,64,55,73,78,NA,81,NA,33,21,69,NA,63,71,76,NA,NA,71,82
"24001",20217125468,1,100,83,100,100,NA,100,100,NA,59,0,NA,100,100,NA,100,100,NA,86,100
"24002",20217125468,1,100,100,100,100,NA,100,100,NA,86,0,NA,100,100,100,100,NA,100,NA,100
"24003",20217125468,1,100,100,100,100,NA,100,100,94,NA,8,NA,100,100,NA,100,100,NA,100,100
"24004",20217125468,1,100,100,100,100,100,100,NA,NA,100,2,100,NA,100,100,100,NA,NA,100,100
"24005",20217125468,1,100,100,100,100,NA,100,100,NA,98,0,100,100,NA,100,100,NA,NA,100,100
"24200",20217132522,1,84,53,52,88,52,NA,83,25,NA,19,65,100,NA,100,NA,100,NA,67,100
"24201",20217132522,1,57,80,59,76,NA,50,92,69,NA,70,NA,100,76,100,NA,100,89,NA,95
"24202",20217132522,1,64,92,70,98,45,65,NA,52,63,NA,72,100,NA,100,100,NA,NA,87,96
"24203",20217132522,1,88,69,52,91,81,81,NA,NA,52,89,NA,98,67,100,NA,100,NA,93,92
"24204",20217132522,1,72,85,40,70,70,NA,95,100,NA,94,NA,100,84,100,NA,100,NA,81,77
"24442",20217134730,1,15,6,28,100,NA,68,72,0,27,NA,NA,100,100,82,NA,80,78,79,NA
"24443",20217134730,1,77,74,73,83,71,70,NA,75,NA,0,100,NA,100,NA,82,73,NA,73,72
"24444",20217134730,1,79,78,75,100,NA,67,75,NA,74,20,NA,100,100,NA,77,85,NA,84,79
"24445",20217134730,1,100,100,81,100,72,NA,68,73,NA,72,92,NA,74,65,NA,64,100,85,NA
"24446",20217134730,1,81,72,71,100,NA,86,84,84,NA,81,79,100,NA,87,90,NA,NA,75,76
"24735",20217143089,1,52,79,67,58,54,NA,55,72,NA,63,NA,65,40,45,37,NA,69,61,NA
"24736",20217143089,1,82,87,86,34,78,74,NA,NA,67,23,30,NA,33,63,NA,65,67,NA,70
"24737",20217143089,1,68,76,78,36,69,72,NA,NA,69,33,NA,34,39,NA,42,61,NA,66,59
"24738",20217143089,1,55,74,67,31,NA,67,29,87,NA,63,67,NA,34,59,NA,85,NA,63,63
"24739",20217143089,1,58,22,82,31,NA,61,62,90,23,NA,28,29,NA,NA,58,64,57,NA,56
"24740",20217143089,1,60,85,71,59,NA,65,57,42,NA,65,61,40,NA,61,NA,59,37,36,NA
"25028",20217150890,1,47,26,39,75,NA,75,75,NA,60,59,NA,85,79,75,NA,78,72,NA,64
"25029",20217150890,1,56,55,51,78,74,NA,72,76,57,NA,81,75,NA,69,NA,80,NA,59,75
"25030",20217150890,1,56,61,63,80,81,NA,79,NA,58,67,NA,89,88,72,NA,72,76,NA,63
"25031",20217150890,1,69,62,61,79,NA,75,75,72,29,NA,87,NA,88,86,NA,71,74,81,NA
"25032",20217150890,1,77,45,63,95,NA,79,85,NA,60,58,74,NA,81,NA,84,83,NA,84,84
"25033",20217150890,1,71,63,66,91,77,65,NA,63,34,NA,NA,85,74,77,73,NA,69,83,NA
"25331",20217151594,1,55,31,62,53,43,NA,64,34,NA,74,NA,53,63,NA,72,81,NA,86,88
"25332",20217151594,1,31,31,33,58,NA,34,34,14,NA,27,56,64,NA,NA,88,88,89,90,NA
"25333",20217151594,1,42,2,34,67,37,60,NA,8,19,NA,NA,65,79,NA,93,91,NA,83,73
"25334",20217151594,1,66,58,62,65,59,61,NA,23,59,NA,79,65,NA,86,84,NA,83,NA,82
"25335",20217151594,1,1,43,14,74,0,NA,1,19,61,NA,73,NA,84,84,84,NA,82,NA,64
"25336",20217151594,1,15,41,32,61,NA,35,37,NA,63,66,80,NA,78,87,88,NA,58,82,NA
"25640",20817070887,1,67,95,34,68,76,NA,71,35,NA,32,NA,76,68,NA,86,87,70,78,NA
"25641",20817070887,1,63,90,18,60,78,75,NA,NA,67,32,73,66,NA,NA,81,83,91,NA,67
"25642",20817070887,1,63,83,30,52,60,NA,73,NA,22,25,NA,68,89,75,NA,84,86,72,NA
"25643",20817070887,1,52,90,38,73,52,NA,66,NA,35,28,NA,72,73,NA,75,75,NA,73,55
"25644",20817070887,1,64,82,18,84,69,77,NA,67,72,NA,80,NA,70,NA,69,80,83,78,NA
"25950",20917140854,1,57,22,62,47,39,59,NA,NA,23,60,61,66,NA,79,69,NA,61,62,NA
"25951",20917140854,1,74,45,61,81,65,NA,77,NA,68,25,NA,83,85,70,NA,91,NA,60,80
"25952",20917140854,1,35,59,17,64,56,37,NA,NA,63,33,43,78,NA,71,NA,59,NA,36,43
"25953",20917140854,1,59,34,65,65,NA,64,79,66,73,NA,27,64,NA,66,63,NA,NA,78,42
"26229",21317090426,1,66,86,32,31,39,38,NA,10,NA,15,89,81,NA,83,66,NA,35,38,NA
"26230",21317090426,1,51,55,41,44,NA,51,51,8,NA,12,51,NA,89,70,NA,73,NA,35,75
"26231",21317090426,1,62,51,70,100,51,58,NA,51,NA,0,78,91,NA,NA,70,74,NA,35,73
"26232",21317090426,1,51,51,51,56,NA,78,79,51,28,NA,NA,83,92,NA,70,65,NA,31,66
"26233",21317090426,1,77,69,93,65,44,72,NA,72,NA,68,95,97,NA,71,64,NA,69,44,NA
"26234",21317090426,1,80,62,78,100,80,NA,85,60,36,NA,92,NA,92,85,91,NA,72,31,NA
"26545",21317100406,1,94,78,72,90,68,74,NA,NA,26,23,NA,92,96,80,NA,84,95,NA,95
"26546",21317100406,1,66,37,67,63,62,61,NA,NA,34,39,74,NA,65,NA,77,65,62,60,NA
"26547",21317100406,1,45,44,63,61,NA,59,46,NA,35,33,62,NA,65,81,68,NA,70,NA,68
"26548",21317100406,1,73,72,87,87,75,NA,75,65,NA,62,83,NA,79,77,NA,69,83,82,NA
"26549",21317100406,1,66,62,72,85,NA,74,86,67,38,NA,87,100,NA,86,NA,84,88,NA,90
"26550",21317100406,1,93,27,74,90,87,87,NA,71,74,NA,88,100,NA,NA,84,80,92,89,NA
"26873",21317111152,1,63,61,59,82,65,NA,63,40,33,NA,72,81,NA,67,NA,64,64,NA,65
"26874",21317111152,1,97,93,40,71,82,NA,78,NA,84,77,74,NA,71,70,NA,80,69,NA,79
"26875",21317111152,1,76,80,71,71,74,NA,68,NA,70,74,70,96,NA,NA,75,70,NA,73,71
"26876",21317111152,1,59,52,38,60,43,42,NA,NA,79,42,71,72,NA,NA,62,60,72,70,NA
"26877",21317111152,1,65,69,66,82,63,NA,72,33,68,NA,NA,99,72,74,80,NA,NA,70,42
"27179",21317121083,1,84,45,74,100,NA,90,90,NA,72,100,98,NA,76,79,64,NA,79,41,NA
"27180",21317121083,1,68,44,84,73,61,86,NA,NA,25,24,NA,84,95,57,NA,69,71,87,NA
"27181",21317121083,1,36,0,32,67,74,NA,36,62,NA,12,34,NA,92,66,NA,43,42,NA,60
"27182",21317121083,1,87,47,77,85,NA,78,79,NA,73,75,80,83,NA,NA,69,88,74,50,NA
"27183",21317121083,1,67,18,61,62,NA,84,68,NA,23,22,75,NA,66,65,NA,87,NA,68,58
"27397",21317130666,1,25,20,38,38,31,NA,36,NA,27,18,NA,65,68,72,73,NA,30,35,NA
"27398",21317130666,1,62,62,61,61,61,65,NA,NA,28,66,40,NA,45,39,64,NA,39,39,NA
"27399",21317130666,1,64,81,38,76,NA,77,59,84,60,NA,NA,70,65,69,NA,68,60,NA,68
"27400",21317130666,1,62,83,67,83,70,79,NA,37,NA,42,70,NA,42,65,NA,31,37,41,NA
"27401",21317130666,1,72,81,41,77,71,69,NA,76,NA,73,73,79,NA,78,NA,68,42,44,NA
"27402",21317130666,1,52,69,36,75,52,78,NA,79,NA,46,72,70,NA,NA,76,76,73,NA,78
"27403",21317130666,1,77,69,76,69,75,82,NA,NA,71,82,NA,77,70,71,NA,71,NA,71,73
"27715",21317130878,1,77,88,42,92,51,61,NA,86,94,NA,85,98,NA,NA,68,71,56,NA,51
"27716",21317130878,1,45,81,39,99,61,NA,47,NA,42,69,80,NA,89,NA,86,85,82,NA,78
"27717",21317130878,1,71,81,69,100,62,NA,72,24,22,NA,78,NA,100,NA,83,80,63,NA,60
"27718",21317130878,1,58,75,57,100,71,76,NA,82,NA,71,NA,100,95,86,86,NA,85,NA,84
"27719",21317130878,1,55,9,64,100,35,NA,60,NA,32,1,89,NA,88,NA,79,78,73,76,NA
"28041",21417070547,1,59,57,93,58,NA,68,71,NA,50,0,71,71,NA,69,64,NA,70,NA,78
"28042",21417070547,1,64,78,74,65,69,NA,50,NA,55,35,NA,50,50,72,NA,73,NA,76,72
"28043",21417070547,1,50,74,61,63,50,50,NA,45,31,NA,74,NA,75,NA,68,72,70,66,NA
"28044",21417070547,1,67,93,26,71,NA,50,50,78,NA,68,NA,70,68,NA,50,50,NA,81,50
"28045",21417070547,1,73,50,70,94,50,NA,50,88,37,NA,85,NA,82,71,NA,74,NA,50,50
"28366",21417070756,1,63,40,78,44,NA,51,76,69,66,NA,63,NA,42,68,74,NA,61,NA,44
"28367",21417070756,1,36,41,35,55,40,NA,57,65,38,NA,NA,38,44,64,NA,62,63,NA,35
"28368",21417070756,1,36,79,39,33,27,NA,43,62,67,NA,NA,38,35,NA,76,65,NA,36,70
"28369",21417070756,1,68,85,72,39,40,NA,69,69,NA,27,NA,38,35,72,71,NA,NA,53,75
"28370",21417070756,1,73,85,91,75,NA,75,76,30,36,NA,NA,73,69,82,NA,83,71,NA,37
"28371",21417070756,1,64,59,90,63,58,66,NA,34,75,NA,65,65,NA,86,78,NA,64,44,NA
"28682",21417081544,1,78,87,31,77,100,NA,69,NA,87,63,84,NA,87,94,NA,73,NA,67,92
"28683",21417081544,1,81,89,42,83,NA,78,82,NA,79,58,NA,89,86,NA,92,80,NA,78,88
"28684",21417081544,1,86,63,63,87,NA,86,81,NA,87,42,75,92,NA,82,82,NA,87,60,NA
"28685",21417081544,1,78,70,70,87,71,75,NA,NA,87,78,NA,81,76,NA,80,79,NA,76,87
"28686",21417081544,1,76,67,82,36,65,70,NA,NA,40,31,84,82,NA,63,NA,71,NA,76,71
"28864",21417091165,1,61,67,82,71,58,82,NA,NA,43,64,95,95,NA,87,86,NA,70,NA,65
"28865",21417091165,1,33,36,40,78,65,NA,89,NA,41,36,NA,100,34,71,NA,100,71,81,NA
"28866",21417091165,1,66,85,42,84,24,NA,97,NA,29,83,82,100,NA,95,73,NA,NA,100,88
"28867",21417091165,1,69,67,100,80,43,NA,100,34,32,NA,NA,100,88,NA,69,81,75,NA,75
"28868",21417091165,1,35,37,63,67,16,NA,85,57,16,NA,NA,85,69,84,92,NA,85,90,NA
"28869",21417091165,1,65,80,75,83,NA,67,100,NA,93,65,NA,100,66,NA,72,83,NA,83,86
"29163",21417091371,1,60,65,59,64,44,NA,45,NA,40,37,NA,61,44,60,65,NA,64,63,NA
"29164",21417091371,1,54,80,36,79,NA,68,40,73,41,NA,87,78,NA,65,67,NA,NA,73,69
"29165",21417091371,1,100,86,75,75,81,77,NA,73,63,NA,76,NA,83,81,73,NA,79,NA,83
"29166",21417091371,1,63,35,29,61,66,65,NA,NA,42,42,66,73,NA,65,64,NA,65,61,NA
"29428",21417101177,1,73,75,75,77,77,NA,78,72,NA,29,76,71,NA,75,NA,77,69,73,NA
"29429",21417101177,1,50,50,29,67,50,35,NA,56,50,NA,72,64,NA,85,NA,69,68,65,NA
"29430",21417101177,1,73,73,83,83,NA,77,90,50,NA,50,69,50,NA,NA,50,50,78,77,NA
"29431",21417101177,1,70,73,78,82,77,82,NA,50,50,NA,NA,82,75,100,NA,87,50,NA,50
"29432",21417101177,1,76,80,50,50,61,66,NA,72,NA,63,50,50,NA,NA,70,60,67,NA,76
"29724",21417101346,1,61,61,25,18,57,38,NA,NA,37,22,57,20,NA,38,NA,55,35,NA,29
"29725",21417101346,1,58,75,64,25,61,65,NA,74,NA,67,38,NA,63,63,NA,61,65,NA,27
"29726",21417101346,1,62,74,61,35,NA,63,59,24,NA,0,57,36,NA,55,56,NA,65,37,NA
"29727",21417101346,1,31,66,59,38,NA,62,63,18,NA,6,39,35,NA,60,NA,56,28,NA,41
"29728",21417101346,1,42,13,39,64,NA,32,36,32,NA,18,63,NA,62,59,34,NA,57,55,NA
"29729",21417101346,1,40,4,30,67,30,NA,52,22,NA,16,65,NA,41,54,NA,58,57,NA,44
"30051",21417102322,1,89,66,78,91,NA,79,75,NA,71,26,NA,80,92,54,NA,85,NA,68,62
"30052",21417102322,1,100,100,100,85,76,NA,82,68,NA,30,81,79,NA,NA,67,78,81,NA,70
"30053",21417102322,1,73,87,68,81,82,NA,86,NA,25,52,75,NA,87,62,83,NA,NA,70,75
"30054",21417102322,1,84,83,86,83,NA,85,86,20,68,NA,84,82,NA,66,NA,80,NA,79,78
"30055",21417102322,1,91,82,86,84,83,NA,77,64,21,NA,88,90,NA,61,NA,84,NA,80,75
"30056",21417102322,1,67,17,34,80,57,52,NA,NA,52,34,NA,85,81,68,62,NA,76,80,NA
"30345",21417110827,1,60,62,69,61,52,NA,52,17,NA,16,62,59,NA,58,NA,41,57,NA,47
"30346",21417110827,1,77,43,18,61,53,NA,61,75,NA,76,52,53,NA,76,NA,53,58,44,NA
"30347",21417110827,1,53,36,52,53,69,NA,60,86,55,NA,NA,60,67,58,NA,62,NA,60,59
"30348",21417110827,1,91,38,29,53,NA,52,57,28,NA,37,64,NA,75,41,NA,53,53,NA,44
"30349",21417110827,1,27,6,16,33,NA,18,30,19,12,NA,25,NA,55,42,NA,47,NA,37,37
"30595",21417111058,1,66,74,100,80,0,NA,80,0,NA,0,80,NA,83,100,NA,32,NA,91,39
"30596",21417111058,1,62,33,100,31,NA,76,69,73,NA,75,84,77,NA,NA,97,26,NA,83,77
"30597",21417111058,1,59,21,100,34,0,NA,27,0,0,NA,NA,75,78,NA,100,25,NA,76,100
"30598",21417111058,1,17,10,62,28,20,38,NA,NA,0,25,72,NA,83,NA,75,29,82,83,NA
"30599",21417111058,1,75,32,66,62,NA,83,80,30,28,NA,75,NA,78,76,81,NA,NA,87,60
"30842",21417121495,1,84,45,64,98,NA,72,45,61,NA,38,51,94,NA,90,92,NA,NA,93,87
"30843",21417121495,1,84,58,43,93,73,NA,61,26,NA,36,99,NA,65,NA,88,95,86,85,NA
"30844",21417121495,1,80,63,45,90,75,NA,42,40,39,NA,96,88,NA,93,95,NA,92,88,NA
"30845",21417121495,1,68,24,57,91,NA,60,45,61,NA,62,94,NA,83,96,NA,97,NA,87,82
"30846",21417121495,1,91,69,64,98,94,NA,67,57,64,NA,94,NA,93,93,98,NA,NA,87,85
"30847",21417121495,1,65,38,66,91,65,72,NA,NA,59,60,87,NA,92,92,NA,91,94,93,NA
"31088",21417121788,1,83,100,24,85,NA,83,100,91,NA,75,100,79,NA,100,NA,82,75,67,NA
"31089",21417121788,1,81,82,27,77,100,86,NA,38,NA,22,NA,86,90,100,NA,79,83,50,NA
"31090",21417121788,1,71,19,50,50,NA,50,66,50,NA,72,100,NA,95,50,NA,72,71,NA,85
"31091",21417121788,1,100,50,15,80,100,NA,67,NA,21,21,100,NA,78,79,50,NA,NA,50,50
"31092",21417121788,1,71,65,0,79,100,100,NA,0,NA,0,NA,50,44,83,NA,82,76,63,NA
"31093",21417121788,1,50,23,85,99,88,83,NA,50,50,NA,NA,88,79,69,NA,75,NA,50,50
"31362",21417121971,1,76,100,81,53,75,93,NA,38,NA,0,100,NA,100,81,NA,97,86,79,NA
"31363",21417121971,1,85,98,87,34,73,81,NA,62,38,NA,NA,59,79,84,NA,87,86,NA,66
"31364",21417121971,1,70,18,87,71,NA,93,95,NA,65,13,79,NA,92,94,NA,77,NA,88,91
"31365",21417121971,1,80,100,100,80,96,88,NA,NA,50,12,NA,83,100,86,82,NA,NA,96,86
"31366",21417121971,1,82,100,88,80,100,100,NA,84,NA,70,85,81,NA,NA,78,80,NA,86,94
"31367",21417121971,1,81,100,100,80,83,80,NA,NA,81,14,83,81,NA,100,83,NA,90,100,NA
"31677",21417132935,1,83,53,88,88,76,80,NA,NA,57,0,93,89,NA,84,82,NA,NA,74,85
"31678",21417132935,1,55,56,29,68,59,76,NA,NA,27,42,NA,51,50,60,68,NA,81,75,NA
"31679",21417132935,1,37,57,26,55,NA,47,38,NA,37,32,67,NA,63,69,83,NA,84,NA,81
"31680",21417132935,1,61,52,60,64,NA,60,58,60,NA,20,NA,64,42,NA,67,71,71,61,NA
"31987",21417140892,1,97,88,65,100,95,NA,91,62,NA,0,92,NA,90,100,100,NA,89,NA,64
"31988",21417140892,1,88,85,100,100,100,100,NA,100,NA,11,NA,100,91,91,100,NA,NA,84,72
"31989",21417140892,1,86,85,82,90,NA,92,91,76,NA,60,NA,97,95,NA,95,96,89,NA,85
"31990",21417140892,1,86,60,44,94,NA,98,96,NA,40,27,89,85,NA,100,100,NA,100,NA,56
"31991",21417140892,1,100,81,94,89,89,NA,89,82,45,NA,99,NA,94,NA,100,100,NA,93,98
"32270",21417141239,1,87,15,87,74,70,NA,69,6,8,NA,NA,76,76,81,NA,74,25,NA,26
"32271",21417141239,1,70,76,75,81,NA,73,74,NA,45,76,NA,89,78,71,68,NA,13,17,NA
"32272",21417141239,1,56,71,84,83,NA,63,64,18,57,NA,78,85,NA,68,65,NA,66,NA,66
"32273",21417141239,1,81,87,82,86,NA,81,89,77,NA,87,76,73,NA,NA,76,81,NA,78,82
"32274",21417141239,1,83,100,85,84,86,NA,82,75,78,NA,NA,90,89,75,NA,69,76,81,NA
"32275",21417141239,1,60,68,31,78,28,68,NA,75,44,NA,NA,70,68,77,76,NA,80,91,NA
"32276",21417141239,1,77,75,79,87,78,77,NA,38,53,NA,79,NA,81,72,NA,71,76,NA,77
"32584",21417151234,1,0,32,0,0,NA,0,0,NA,15,66,NA,21,26,NA,7,0,NA,0,0
"32585",21417151234,1,29,59,0,23,35,NA,52,52,30,NA,30,45,NA,NA,36,34,51,31,NA
"32586",21417151234,1,76,73,61,68,NA,75,64,67,75,NA,NA,52,83,NA,65,75,67,52,NA
"32587",21417151234,1,73,73,77,79,NA,69,73,NA,31,83,NA,80,78,77,NA,77,30,25,NA
"32843",21417151437,1,65,67,100,100,NA,100,100,NA,44,6,100,NA,100,100,NA,100,NA,100,100
"32844",21417151437,1,35,78,27,100,68,77,NA,27,NA,2,NA,100,100,100,100,NA,NA,100,100
"32845",21417151437,1,75,100,38,100,100,100,NA,75,31,NA,100,NA,100,NA,100,100,98,NA,100
"32846",21417151437,1,100,37,30,100,NA,100,100,100,NA,21,100,100,NA,NA,100,100,NA,100,100
"32847",21417151437,1,65,40,36,100,100,72,NA,100,NA,36,100,100,NA,NA,100,100,NA,100,100
"33183",21517061211,1,84,34,64,83,82,84,NA,NA,11,0,100,NA,93,NA,100,84,100,100,NA
"33184",21517061211,1,96,100,37,100,79,82,NA,78,87,NA,100,NA,92,86,100,NA,100,NA,94
"33185",21517061211,1,78,81,32,100,87,NA,90,NA,75,16,100,100,NA,100,85,NA,NA,100,100
"33186",21517061211,1,67,31,67,100,NA,78,89,100,79,NA,100,NA,92,100,NA,100,85,88,NA
"33187",21517061211,1,69,41,84,100,NA,100,83,100,NA,25,NA,100,94,100,NA,85,100,95,NA
"33440",21517062310,1,27,62,39,59,NA,51,56,50,51,NA,NA,69,71,64,63,NA,65,NA,65
"33441",21517062310,1,77,60,80,80,63,69,NA,15,18,NA,75,NA,77,67,73,NA,69,NA,61
"33442",21517062310,1,86,85,81,76,83,NA,76,39,NA,27,74,78,NA,NA,74,71,74,NA,75
"33766",21517071112,1,85,60,38,88,95,92,NA,42,42,NA,100,NA,100,100,NA,100,NA,85,64
"33767",21517071112,1,76,42,62,81,67,81,NA,74,38,NA,95,NA,97,NA,98,98,95,91,NA
"33768",21517071112,1,75,42,38,95,90,NA,78,NA,30,80,NA,100,100,100,NA,100,100,NA,70
"33769",21517071112,1,77,33,27,100,NA,74,76,NA,67,82,100,100,NA,100,100,NA,NA,100,100
"33770",21517071112,1,78,37,28,100,NA,100,100,NA,64,65,100,100,NA,NA,100,100,NA,100,100
"34041",21517071676,1,79,50,35,71,72,67,NA,56,NA,15,85,NA,83,77,84,NA,NA,69,76
"34042",21517071676,1,80,81,54,91,NA,83,82,26,NA,11,82,85,NA,NA,73,80,NA,86,92
"34043",21517071676,1,77,73,33,84,82,NA,75,61,NA,22,73,79,NA,NA,72,77,NA,77,72
"34044",21517071676,1,77,68,68,85,NA,81,80,29,74,NA,79,NA,81,81,NA,74,83,85,NA
"34045",21517071676,1,96,86,81,89,87,NA,74,NA,75,74,NA,87,91,NA,98,86,89,NA,84
"34353",21517081168,1,63,25,73,72,63,52,NA,NA,22,22,NA,82,79,NA,82,86,79,86,NA
"34354",21517081168,1,82,82,87,80,78,82,NA,NA,31,85,75,76,NA,88,85,NA,86,87,NA
"34355",21517081168,1,93,58,74,82,87,NA,89,NA,27,83,91,79,NA,NA,84,100,89,93,NA
"34356",21517081168,1,82,81,51,70,NA,79,82,83,24,NA,76,NA,84,NA,90,86,84,NA,86
"34357",21517081168,1,78,31,18,79,NA,64,52,83,NA,88,77,72,NA,88,NA,88,82,NA,68
"34687",21517081601,1,80,67,58,97,79,NA,64,90,56,NA,85,90,NA,89,91,NA,NA,89,76
"34688",21517081601,1,51,51,47,76,51,55,NA,50,50,NA,NA,83,80,NA,82,86,NA,87,67
"34689",21517081601,1,70,53,70,85,67,89,NA,NA,75,52,NA,91,97,95,NA,82,89,93,NA
"34690",21517081601,1,75,86,91,89,88,NA,88,79,82,NA,93,NA,95,NA,89,93,NA,90,86
"34691",21517081601,1,62,53,53,81,NA,89,53,53,33,NA,NA,88,88,NA,85,81,89,NA,87
"34692",21517081601,1,74,51,71,89,85,82,NA,16,NA,12,87,82,NA,NA,75,85,87,85,NA
"34995",21517082247,1,69,89,93,65,51,77,NA,52,52,NA,NA,67,73,79,NA,87,NA,79,94
"34996",21517082247,1,83,87,80,52,74,74,NA,NA,67,89,76,NA,63,75,77,NA,75,NA,90
"34997",21517082247,1,75,99,84,52,NA,81,84,92,50,NA,76,NA,57,NA,75,77,78,NA,97
"34998",21517082247,1,86,78,91,86,56,NA,84,75,80,NA,83,51,NA,85,52,NA,65,75,NA
"34999",21517082247,1,69,87,71,40,68,75,NA,NA,74,64,NA,43,67,66,NA,58,NA,64,81
"35000",21517082247,1,71,27,83,46,NA,76,78,36,NA,73,73,35,NA,80,NA,77,NA,84,84
"35266",21517091677,1,46,35,26,62,66,60,NA,86,20,NA,92,NA,87,93,NA,100,NA,71,60
"35267",21517091677,1,89,94,72,100,100,NA,97,31,96,NA,NA,100,81,70,NA,74,95,95,NA
"35268",21517091677,1,100,69,100,100,98,100,NA,30,NA,39,NA,100,100,NA,86,83,86,NA,69
"35572",21517091809,1,82,27,77,89,79,79,NA,85,NA,80,75,NA,76,67,68,NA,75,79,NA
"35573",21517091809,1,61,38,86,69,83,NA,83,93,68,NA,79,60,NA,NA,75,83,77,68,NA
"35574",21517091809,1,92,4,100,54,NA,74,68,98,NA,100,64,NA,69,68,73,NA,39,NA,77
"35575",21517091809,1,100,9,100,68,62,NA,87,100,100,NA,NA,78,75,67,NA,56,NA,70,72
"35576",21517091809,1,79,40,42,74,80,73,NA,82,NA,100,72,64,NA,81,NA,74,78,70,NA
"35886",21517092020,1,40,68,25,60,64,NA,66,73,NA,34,NA,66,25,NA,66,75,NA,31,74
"35887",21517092020,1,64,39,32,55,72,73,NA,59,77,NA,NA,69,70,67,57,NA,NA,69,35
"35888",21517092020,1,65,60,31,54,NA,57,63,NA,40,31,66,80,NA,54,54,NA,67,70,NA
"35889",21517092020,1,52,80,38,68,NA,29,66,36,66,NA,75,NA,60,73,NA,58,73,NA,52
"35890",21517092020,1,71,21,18,80,65,69,NA,31,29,NA,78,NA,86,NA,75,73,75,NA,78
"35891",21517092020,1,73,31,22,72,70,NA,75,NA,33,33,73,79,NA,85,NA,58,73,NA,75
"36216",21517102730,1,83,91,84,88,89,83,NA,24,NA,62,84,NA,88,84,85,NA,87,NA,87
"36217",21517102730,1,81,89,79,81,80,79,NA,63,94,NA,NA,87,94,88,NA,98,NA,80,82
"36218",21517102730,1,81,85,90,87,92,87,NA,73,NA,72,85,95,NA,88,87,NA,88,93,NA
"36219",21517102730,1,80,81,78,85,NA,89,75,82,NA,87,NA,85,79,90,NA,84,79,86,NA
"36220",21517102730,1,86,88,89,86,84,81,NA,67,81,NA,NA,92,87,90,NA,86,90,NA,89
"36221",21517102730,1,87,66,84,88,85,NA,78,NA,68,66,97,NA,95,86,NA,86,83,NA,91
"36484",21517102997,1,86,100,84,71,NA,100,83,NA,79,31,64,NA,40,NA,74,82,NA,92,67
"36485",21517102997,1,95,69,24,55,NA,31,70,77,NA,65,76,NA,67,79,86,NA,40,NA,30
"36486",21517102997,1,19,35,64,61,19,14,NA,35,NA,19,38,67,NA,34,60,NA,NA,11,3
"36487",21517102997,1,29,22,35,64,29,NA,62,NA,57,31,NA,64,62,NA,70,75,15,30,NA
"36488",21517102997,1,69,55,74,83,NA,86,70,NA,84,29,72,77,NA,68,NA,79,NA,76,35
"36750",21517111489,1,47,35,62,49,NA,66,55,41,NA,1,NA,78,58,72,86,NA,NA,84,90
"36751",21517111489,1,95,36,43,63,52,NA,62,72,NA,7,NA,74,82,67,NA,93,NA,86,95
"36752",21517111489,1,NA,NA,39,62,NA,64,53,NA,NA,NA,65,NA,68,NA,80,57,72,66,NA
"36753",21517111489,1,67,34,38,71,73,76,NA,79,NA,71,NA,65,83,73,71,NA,70,77,NA
"36754",21517111489,1,39,14,53,67,40,70,NA,NA,28,73,NA,66,84,71,89,NA,80,NA,92
"36755",21517111489,1,79,28,76,85,73,NA,69,83,NA,96,78,NA,100,NA,81,86,75,NA,86
"37070",21517112275,1,89,76,77,99,72,NA,67,NA,81,17,75,84,NA,83,NA,30,NA,59,59
"37071",21517112275,1,76,67,77,77,NA,75,72,19,NA,64,NA,89,89,89,NA,41,68,NA,68
"37072",21517112275,1,100,89,85,100,NA,79,69,NA,89,73,100,100,NA,100,71,NA,NA,39,74
"37073",21517112275,1,92,78,77,75,82,NA,79,73,NA,52,79,94,NA,NA,90,79,73,NA,76
"37074",21517112275,1,7,29,30,90,76,NA,73,NA,72,68,32,79,NA,100,NA,29,NA,76,78
"37298",21517120755,1,71,19,54,79,NA,70,71,25,NA,26,93,NA,76,NA,62,73,73,56,NA
"37299",21517120755,1,84,82,83,88,76,80,NA,71,NA,31,50,88,NA,81,NA,76,81,NA,95
"37300",21517120755,1,75,77,75,87,86,NA,86,77,NA,25,50,77,NA,NA,73,86,78,NA,82
"37301",21517120755,1,38,70,71,79,83,NA,75,66,NA,69,NA,84,74,68,NA,72,69,NA,72
"37302",21517120755,1,75,86,72,78,83,NA,77,72,73,NA,NA,79,79,83,79,NA,NA,82,74
"37614",21517131302,1,82,56,62,88,90,89,NA,NA,38,52,95,93,NA,NA,82,82,87,85,NA
"37615",21517131302,1,93,78,68,88,NA,93,85,NA,27,76,88,NA,81,90,87,NA,NA,93,94
"37616",21517131302,1,69,69,52,80,NA,84,85,82,28,NA,NA,88,75,NA,67,83,89,92,NA
"37617",21517131302,1,81,83,55,87,86,NA,91,69,NA,71,NA,91,79,84,NA,88,86,89,NA
"37618",21517131302,1,56,53,36,87,69,NA,52,NA,45,65,95,NA,86,79,82,NA,77,NA,78
"37951",21517131568,1,39,85,26,75,NA,48,35,75,76,NA,100,100,NA,73,72,NA,NA,68,81
"37952",21517131568,1,95,89,63,100,86,NA,87,NA,77,18,100,100,NA,83,80,NA,82,73,NA
"37953",21517131568,1,21,27,33,100,NA,58,37,74,57,NA,94,100,NA,NA,62,34,77,83,NA
"37954",21517131568,1,20,22,17,77,18,NA,23,19,15,NA,100,NA,76,85,84,NA,27,NA,0
"37955",21517131568,1,100,71,86,100,30,69,NA,NA,69,28,85,95,NA,NA,73,77,73,NA,5
"37956",21517131568,1,69,69,100,100,76,75,NA,75,NA,77,100,100,NA,80,82,NA,NA,58,20
"38257",21517132167,1,33,36,0,18,45,44,NA,NA,63,72,NA,28,18,69,72,NA,76,75,NA
"38258",21517132167,1,25,2,3,0,0,NA,22,NA,33,0,NA,17,41,58,NA,62,78,63,NA
"38259",21517132167,1,18,15,4,0,NA,37,34,NA,35,17,24,NA,24,66,NA,71,60,64,NA
"38585",21517141606,1,25,16,17,53,NA,25,22,NA,36,0,39,49,NA,NA,37,63,58,NA,73
"38586",21517141606,1,37,71,35,53,43,NA,52,33,56,NA,NA,34,37,NA,38,63,40,NA,63
"38587",21517141606,1,36,78,32,50,42,NA,46,81,NA,36,37,NA,65,64,64,NA,67,NA,87
"38588",21517141606,1,40,83,39,66,67,73,NA,NA,63,34,NA,60,62,62,35,NA,NA,37,69
"38589",21517141606,1,58,90,74,38,55,36,NA,23,NA,32,42,35,NA,58,39,NA,37,NA,72
"38894",21517141854,1,60,45,95,77,53,NA,80,17,NA,13,NA,75,78,69,NA,72,68,NA,79
"38895",21517141854,1,63,70,80,28,52,NA,76,16,66,NA,NA,66,71,69,69,NA,76,NA,75
"38896",21517141854,1,28,58,13,71,NA,38,67,52,NA,68,NA,69,72,64,NA,65,69,NA,70
"38897",21517141854,1,75,74,44,43,NA,66,61,81,NA,75,NA,78,75,62,62,NA,NA,70,70
"38898",21517141854,1,86,78,67,84,92,94,NA,94,NA,88,72,82,NA,NA,77,72,68,74,NA
"38899",21517141854,1,82,75,40,43,85,80,NA,NA,23,72,NA,73,85,78,NA,78,NA,73,73
"39186",21517150621,1,46,58,42,60,56,59,NA,64,NA,41,64,NA,49,86,NA,80,NA,66,91
"39187",21517150621,1,38,66,34,39,49,NA,52,NA,41,35,71,NA,64,100,NA,100,71,73,NA
"39188",21517150621,1,63,59,59,61,73,NA,68,NA,43,39,65,72,NA,81,91,NA,90,NA,82
"39189",21517150621,1,45,78,49,54,54,60,NA,NA,39,44,78,46,NA,80,NA,83,NA,75,84
"39190",21517150621,1,66,72,54,68,66,52,NA,71,34,NA,74,NA,68,NA,76,75,84,NA,78
"39515",21517153167,1,56,59,73,58,NA,67,66,NA,35,72,64,NA,67,55,42,NA,63,53,NA
"39516",21517153167,1,56,64,40,64,NA,57,40,NA,35,36,45,33,NA,NA,60,45,41,60,NA
"39517",21517153167,1,65,49,62,40,NA,61,41,50,NA,42,NA,38,69,NA,60,43,46,NA,61
"39518",21517153167,1,31,35,36,68,68,NA,30,NA,34,24,25,36,NA,NA,29,28,64,33,NA
"39519",21517153167,1,39,40,42,38,NA,41,38,36,46,NA,NA,64,31,44,NA,41,33,NA,47
"39520",21517153167,1,41,58,62,75,43,NA,62,41,NA,53,62,NA,65,NA,61,44,NA,66,27
"39761",21617061020,1,85,0,69,53,61,85,NA,6,NA,17,93,NA,61,NA,91,89,88,NA,93
"39762",21617061020,1,100,31,100,100,NA,100,100,100,NA,37,100,100,NA,100,100,NA,22,NA,63
"39763",21617061020,1,100,78,100,100,NA,100,100,NA,76,14,NA,100,61,100,100,NA,NA,100,38
"39764",21617061020,1,93,99,90,95,NA,85,92,6,NA,13,93,94,NA,NA,97,96,91,NA,93
"39765",21617061020,1,95,95,91,91,NA,100,96,89,NA,38,92,NA,87,NA,98,94,NA,97,96
"40010",21617061363,1,62,22,62,55,NA,38,67,NA,37,35,NA,62,60,47,NA,48,65,NA,62
"40011",21617061363,1,73,67,70,69,65,70,NA,63,NA,66,NA,66,62,64,62,NA,NA,62,67
"40012",21617061363,1,57,85,70,90,60,NA,66,64,NA,30,65,62,NA,66,NA,65,NA,61,61
"40013",21617061363,1,65,72,69,71,65,68,NA,37,NA,62,73,76,NA,63,NA,68,69,NA,70
"40014",21617061363,1,73,71,81,75,75,NA,97,73,60,NA,70,NA,72,67,NA,70,78,77,NA
"40331",21617071029,1,75,65,72,100,NA,74,100,NA,68,0,NA,100,100,55,NA,100,74,NA,100
"40332",21617071029,1,84,72,87,100,72,99,NA,100,81,NA,81,NA,100,NA,73,83,100,68,NA
"40333",21617071029,1,79,68,68,100,28,80,NA,29,NA,25,NA,85,100,NA,63,89,70,NA,80
"40334",21617071029,1,25,72,31,75,NA,52,100,18,15,NA,NA,100,78,NA,70,94,77,76,NA
"40659",21617072139,1,13,6,32,43,NA,28,44,NA,33,34,NA,44,67,67,68,NA,66,62,NA
"40660",21617072139,1,62,69,71,64,65,76,NA,41,NA,37,38,66,NA,66,NA,65,68,NA,44
"40661",21617072139,1,26,68,40,64,41,38,NA,64,34,NA,64,NA,59,NA,60,58,64,39,NA
"40662",21617072139,1,35,66,72,38,NA,27,38,61,43,NA,60,64,NA,38,62,NA,59,33,NA
"40947",21617081892,1,18,19,25,71,60,76,NA,18,39,NA,NA,78,82,95,86,NA,81,NA,79
"40948",21617081892,1,40,21,78,80,81,88,NA,64,NA,34,NA,75,76,92,93,NA,NA,90,82
"40949",21617081892,1,65,90,66,85,84,82,NA,65,NA,68,NA,83,87,83,85,NA,86,NA,94
"40950",21617081892,1,73,78,76,80,63,56,NA,70,65,NA,53,NA,60,75,NA,66,65,66,NA
"40951",21617081892,1,73,75,67,67,NA,58,64,NA,89,72,94,96,NA,85,NA,95,72,57,NA
"41246",21617082219,1,34,13,85,69,NA,65,80,NA,45,26,68,NA,76,76,72,NA,39,47,NA
"41247",21617082219,1,74,68,75,75,NA,86,87,56,55,NA,70,82,NA,69,NA,39,54,NA,71
"41248",21617082219,1,67,79,28,69,73,69,NA,30,30,NA,NA,78,72,68,NA,67,NA,71,69
"41249",21617082219,1,81,74,73,63,NA,78,79,74,NA,71,72,65,NA,80,81,NA,NA,81,81
"41250",21617082219,1,100,100,76,74,100,99,NA,93,NA,92,97,NA,100,100,NA,100,75,83,NA
"41561",21617092319,1,62,36,57,33,NA,39,88,31,68,NA,NA,67,63,50,45,NA,NA,39,40
"41562",21617092319,1,98,98,100,99,NA,94,91,NA,77,37,90,NA,93,87,83,NA,68,60,NA
"41563",21617092319,1,17,69,15,35,NA,16,11,23,NA,80,75,NA,15,35,NA,36,NA,27,30
"41564",21617092319,1,25,41,0,65,24,NA,63,NA,17,25,42,NA,45,61,NA,22,25,NA,9
"41565",21617092319,1,0,0,0,80,18,NA,14,34,NA,18,69,52,NA,37,20,NA,23,NA,69
"41872",21617092654,1,87,71,97,68,NA,72,92,85,64,NA,67,NA,81,80,NA,83,NA,79,87
"41873",21617092654,1,87,86,94,81,NA,88,92,67,NA,64,88,80,NA,83,NA,82,NA,85,86
"41874",21617092654,1,94,77,95,55,56,NA,87,NA,33,31,NA,65,87,89,88,NA,NA,82,86
"41875",21617092654,1,93,74,92,68,63,77,NA,75,70,NA,NA,67,81,79,77,NA,68,NA,69
"41876",21617092654,1,90,38,89,70,38,83,NA,59,NA,78,75,76,NA,90,85,NA,75,NA,75
"41877",21617092654,1,86,68,78,64,17,76,NA,19,NA,19,69,NA,81,83,84,NA,67,69,NA
"42150",21617092828,1,30,0,29,35,29,NA,42,NA,30,0,32,NA,31,86,100,NA,80,60,NA
"42151",21617092828,1,12,23,10,45,11,NA,23,49,NA,58,42,NA,40,86,77,NA,33,NA,33
"42152",21617092828,1,48,40,36,35,19,NA,41,34,21,NA,36,NA,30,79,NA,78,NA,38,36
"42405",21617100878,1,75,0,89,100,67,79,NA,NA,77,77,100,95,NA,37,61,NA,NA,31,28
"42406",21617100878,1,53,53,43,85,27,NA,86,NA,18,80,85,83,NA,68,NA,74,NA,57,57
"42407",21617100878,1,37,65,0,87,56,NA,70,NA,26,5,79,90,NA,82,NA,73,NA,68,64
"42408",21617100878,1,53,42,85,78,63,94,NA,NA,42,75,75,NA,89,NA,77,78,NA,78,35
"42409",21617100878,1,79,38,74,86,NA,80,89,79,NA,86,80,NA,91,80,78,NA,81,NA,30
"42723",21617102717,1,81,29,87,70,62,60,NA,21,84,NA,88,76,NA,NA,78,23,60,NA,59
"42724",21617102717,1,33,32,32,38,25,NA,39,NA,23,26,77,NA,28,NA,79,30,NA,30,62
"42725",21617102717,1,21,71,0,34,69,NA,72,100,NA,100,NA,75,20,23,75,NA,NA,32,68
"42726",21617102717,1,0,100,0,66,NA,69,24,100,NA,100,26,NA,36,NA,65,65,NA,65,36
"43014",21617115270,1,79,90,45,63,92,96,NA,64,NA,36,NA,67,78,NA,70,70,74,69,NA
"43015",21617115270,1,24,66,28,37,42,36,NA,66,NA,69,NA,65,61,NA,61,70,NA,67,72
"43016",21617115270,1,52,75,40,65,NA,50,68,23,NA,21,NA,72,71,63,61,NA,73,NA,66
"43017",21617115270,1,33,70,7,71,64,64,NA,76,NA,79,NA,71,69,74,NA,72,NA,70,81
"43018",21617115270,1,45,72,36,73,NA,71,42,79,NA,82,73,NA,74,NA,76,73,70,NA,71
"43019",21617115270,1,71,74,65,65,71,74,NA,69,NA,70,78,75,NA,76,NA,77,75,NA,72
"43350",21617132752,1,75,63,39,81,85,NA,86,NA,23,19,88,69,NA,76,73,NA,NA,77,89
"43351",21617132752,1,78,28,34,80,75,80,NA,39,NA,66,80,66,NA,74,88,NA,77,70,NA
"43352",21617132752,1,69,63,30,78,65,NA,80,NA,67,15,NA,73,84,72,NA,85,79,92,NA
"43353",21617132752,1,76,73,80,72,69,NA,80,52,70,NA,NA,76,76,75,78,NA,83,NA,74
"43354",21617132752,1,87,94,37,79,NA,89,77,91,NA,71,74,82,NA,90,83,NA,71,82,NA
"43355",21617132752,1,75,71,39,72,76,NA,78,94,NA,83,NA,NA,NA,NA,NA,NA,NA,NA,NA
"43356",21617132752,1,78,72,75,73,74,69,NA,68,NA,74,74,NA,77,66,NA,78,74,NA,75
"43673",21617132932,1,59,30,79,73,68,NA,67,37,40,NA,NA,61,75,NA,62,62,NA,60,71
"43674",21617132932,1,57,89,73,83,59,57,NA,25,NA,39,81,65,NA,76,NA,61,73,NA,89
"43675",21617132932,1,62,86,75,75,62,72,NA,82,80,NA,62,NA,83,74,85,NA,73,65,NA
"43676",21617132932,1,81,32,93,66,75,NA,62,NA,60,67,NA,74,77,NA,62,80,61,68,NA
"43677",21617132932,1,72,61,85,71,NA,89,87,74,26,NA,NA,85,92,88,NA,81,NA,65,89
"43968",21617141992,1,66,67,65,65,64,NA,65,65,60,NA,69,NA,75,83,NA,65,NA,67,57
"43969",21617141992,1,66,73,69,65,NA,70,75,74,NA,68,72,NA,75,67,NA,75,71,NA,66
"43970",21617141992,1,77,77,76,78,78,72,NA,69,NA,75,79,NA,74,NA,72,76,73,NA,74
"43971",21617141992,1,71,77,71,79,72,NA,74,NA,78,67,72,72,NA,63,77,NA,NA,70,75
"43972",21617141992,1,76,74,69,76,70,NA,73,72,NA,73,NA,76,66,NA,76,73,69,75,NA
"44232",21617142142,1,34,63,68,27,48,NA,43,73,23,NA,NA,23,25,27,29,NA,68,NA,76
"44233",21617142142,1,76,79,75,62,66,NA,65,65,NA,38,NA,57,55,NA,30,44,67,41,NA
"44234",21617142142,1,63,64,78,63,75,NA,65,NA,9,22,68,56,NA,25,NA,25,NA,66,85
"44235",21617142142,1,37,61,32,35,30,NA,66,79,25,NA,NA,58,39,35,NA,27,43,NA,63
"44236",21617142142,1,100,73,100,20,100,100,NA,0,0,NA,8,16,NA,100,100,NA,54,17,NA
"44546",21617142373,1,85,88,75,80,78,NA,79,NA,62,64,NA,73,70,57,NA,86,50,NA,50
"44547",21617142373,1,50,54,75,79,NA,77,79,NA,78,83,56,NA,50,86,NA,85,78,77,NA
"44548",21617142373,1,70,64,50,50,86,NA,85,NA,74,79,84,NA,50,86,79,NA,50,NA,50
"44549",21617142373,1,78,89,50,50,NA,76,69,81,74,NA,NA,78,67,NA,50,50,79,NA,80
"44550",21617142373,1,84,83,55,77,50,50,NA,NA,80,85,82,NA,83,50,NA,50,94,NA,90
"44880",21617152913,1,37,69,41,74,62,78,NA,23,40,NA,69,NA,41,NA,79,66,NA,52,68
"44881",21617152913,1,29,71,30,68,62,31,NA,40,33,NA,69,68,NA,41,38,NA,40,NA,42
"44882",21617152913,1,65,59,73,63,68,NA,64,NA,42,33,NA,62,58,69,NA,41,NA,60,36
"44883",21617152913,1,59,31,64,67,NA,68,64,61,NA,65,64,52,NA,62,52,NA,66,67,NA
"44884",21617152913,1,87,14,88,82,62,35,NA,34,NA,15,38,76,NA,57,NA,70,68,52,NA
"45097",21617153275,1,63,100,64,64,68,69,NA,NA,41,33,66,65,NA,56,66,NA,84,85,NA
"45098",21617153275,1,67,100,91,82,56,82,NA,79,38,NA,NA,80,57,67,NA,65,91,NA,85
"45099",21617153275,1,65,85,90,94,NA,74,68,93,NA,92,69,NA,100,NA,31,84,59,67,NA
"45100",21617153275,1,81,91,61,73,71,NA,36,83,NA,67,85,86,NA,18,NA,100,88,NA,75
"45410",21617153518,1,37,55,31,69,47,38,NA,25,67,NA,65,79,NA,39,42,NA,NA,66,84
"45411",21617153518,1,85,66,61,88,66,77,NA,NA,78,64,68,84,NA,69,78,NA,43,65,NA
"45412",21617153518,1,77,40,71,69,68,74,NA,NA,75,88,NA,79,70,NA,72,66,41,47,NA
"45413",21617153518,1,78,94,42,70,NA,83,86,82,NA,83,87,80,NA,71,NA,40,93,NA,71
"45414",21617153518,1,80,75,66,92,84,80,NA,87,NA,82,70,85,NA,NA,70,32,43,44,NA
"45734",21617153714,1,30,96,35,41,26,39,NA,NA,59,28,NA,45,32,NA,89,82,NA,71,85
"45735",21617153714,1,85,69,57,84,85,NA,82,36,NA,72,72,79,NA,NA,79,82,83,70,NA
"45736",21617153714,1,75,77,77,68,80,84,NA,74,NA,30,87,85,NA,NA,82,78,75,82,NA
"45737",21617153714,1,83,100,32,67,72,75,NA,66,75,NA,85,83,NA,NA,84,81,74,NA,76
"45738",21617153714,1,81,100,67,79,NA,84,94,30,77,NA,NA,83,73,NA,82,94,71,NA,77
"45739",21617153714,1,67,100,73,75,78,NA,100,NA,75,38,NA,77,68,75,75,NA,77,76,NA
"46057",21617153856,1,92,97,84,86,97,93,NA,NA,82,13,93,100,NA,91,97,NA,94,87,NA
"46058",21617153856,1,93,90,89,88,89,89,NA,74,58,NA,NA,91,92,93,90,NA,92,87,NA
"46059",21617153856,1,94,71,100,90,91,89,NA,NA,24,7,93,91,NA,82,NA,89,77,71,NA
"46060",21617153856,1,84,64,85,85,83,NA,88,30,32,NA,87,86,NA,81,85,NA,81,NA,87
"46061",21617153856,1,84,80,100,91,NA,94,96,81,73,NA,NA,85,90,91,NA,88,92,NA,82
"46062",21617153856,1,100,33,100,100,NA,100,100,80,NA,76,NA,100,100,NA,100,100,79,100,NA
